Site,Date,Time,DateTime,Month,tempC,I,GPP.instant,K.instant,ER.instant,DO.meas,atmo.pressure
Site2,10/24/2022,12:01:00 AM,10/24/2022 0:01,10,13.89,0,0,0.0349,0.074,7.8,0.99
Site2,10/24/2022,12:06:00 AM,10/24/2022 0:06,10,13.89,0,0,0.0349,0.074,7.8,0.99
Site2,10/24/2022,12:11:00 AM,10/24/2022 0:11,10,13.85,0,0,0.0349,0.0738,7.87,0.99
Site2,10/24/2022,12:16:00 AM,10/24/2022 0:16,10,13.85,0,0,0.0349,0.0738,7.87,0.99
Site2,10/24/2022,12:21:00 AM,10/24/2022 0:21,10,13.83,0,0,0.0348,0.0737,7.82,0.99
Site2,10/24/2022,12:26:00 AM,10/24/2022 0:26,10,13.83,0,0,0.0348,0.0737,7.82,0.99
Site2,10/24/2022,12:31:00 AM,10/24/2022 0:31,10,13.77,0,0,0.0348,0.0734,7.8,0.99
Site2,10/24/2022,12:36:00 AM,10/24/2022 0:36,10,13.77,0,0,0.0348,0.0734,7.8,0.99
Site2,10/24/2022,12:41:00 AM,10/24/2022 0:41,10,13.74,0,0,0.0348,0.0732,7.84,0.99
Site2,10/24/2022,12:46:00 AM,10/24/2022 0:46,10,13.74,0,0,0.0348,0.0732,7.84,0.99
Site2,10/24/2022,12:51:00 AM,10/24/2022 0:51,10,13.72,0,0,0.0348,0.0731,7.87,0.99
Site2,10/24/2022,12:56:00 AM,10/24/2022 0:56,10,13.72,0,0,0.0348,0.0731,7.87,0.99
Site2,10/24/2022,1:01:00 AM,10/24/2022 1:01,10,13.66,0,0,0.0347,0.0728,7.65,0.99
Site2,10/24/2022,1:06:00 AM,10/24/2022 1:06,10,13.66,0,0,0.0347,0.0728,7.65,0.99
Site2,10/24/2022,1:11:00 AM,10/24/2022 1:11,10,13.64,0,0,0.0347,0.0727,7.68,0.99
Site2,10/24/2022,1:16:00 AM,10/24/2022 1:16,10,13.64,0,0,0.0347,0.0727,7.68,0.99
Site2,10/24/2022,1:21:00 AM,10/24/2022 1:21,10,13.59,0,0,0.0347,0.0725,7.81,0.99
Site2,10/24/2022,1:26:00 AM,10/24/2022 1:26,10,13.59,0,0,0.0347,0.0725,7.81,0.99
Site2,10/24/2022,1:31:00 AM,10/24/2022 1:31,10,13.57,0,0,0.0346,0.0724,7.8,0.99
Site2,10/24/2022,1:36:00 AM,10/24/2022 1:36,10,13.57,0,0,0.0346,0.0724,7.8,0.99
Site2,10/24/2022,1:41:00 AM,10/24/2022 1:41,10,13.52,0,0,0.0346,0.0721,7.74,0.99
Site2,10/24/2022,1:46:00 AM,10/24/2022 1:46,10,13.52,0,0,0.0346,0.0721,7.74,0.99
Site2,10/24/2022,1:51:00 AM,10/24/2022 1:51,10,13.5,0,0,0.0346,0.072,7.82,0.99
Site2,10/24/2022,1:56:00 AM,10/24/2022 1:56,10,13.5,0,0,0.0346,0.072,7.82,0.99
Site2,10/24/2022,2:01:00 AM,10/24/2022 2:01,10,13.45,0,0,0.0345,0.0718,7.78,0.99
Site2,10/24/2022,2:06:00 AM,10/24/2022 2:06,10,13.45,0,0,0.0345,0.0718,7.78,0.99
Site2,10/24/2022,2:11:00 AM,10/24/2022 2:11,10,13.43,0,0,0.0345,0.0716,7.81,0.99
Site2,10/24/2022,2:16:00 AM,10/24/2022 2:16,10,13.43,0,0,0.0345,0.0716,7.81,0.99
Site2,10/24/2022,2:21:00 AM,10/24/2022 2:21,10,13.38,0,0,0.0345,0.0714,7.86,0.99
Site2,10/24/2022,2:26:00 AM,10/24/2022 2:26,10,13.38,0,0,0.0345,0.0714,7.86,0.99
Site2,10/24/2022,2:31:00 AM,10/24/2022 2:31,10,13.31,0,0,0.0344,0.0711,7.89,0.99
Site2,10/24/2022,2:36:00 AM,10/24/2022 2:36,10,13.31,0,0,0.0344,0.0711,7.89,0.99
Site2,10/24/2022,2:41:00 AM,10/24/2022 2:41,10,13.28,0,0,0.0344,0.0709,7.79,0.99
Site2,10/24/2022,2:46:00 AM,10/24/2022 2:46,10,13.28,0,0,0.0344,0.0709,7.79,0.99
Site2,10/24/2022,2:51:00 AM,10/24/2022 2:51,10,13.21,0,0,0.0343,0.0706,7.95,0.99
Site2,10/24/2022,2:56:00 AM,10/24/2022 2:56,10,13.21,0,0,0.0343,0.0706,7.95,0.99
Site2,10/24/2022,3:01:00 AM,10/24/2022 3:01,10,13.15,0,0,0.0343,0.0703,8.02,0.99
Site2,10/24/2022,3:06:00 AM,10/24/2022 3:06,10,13.15,0,0,0.0343,0.0703,8.02,0.99
Site2,10/24/2022,3:11:00 AM,10/24/2022 3:11,10,13.09,0,0,0.0342,0.07,7.95,0.99
Site2,10/24/2022,3:16:00 AM,10/24/2022 3:16,10,13.09,0,0,0.0342,0.07,7.95,0.99
Site2,10/24/2022,3:21:00 AM,10/24/2022 3:21,10,13.05,0,0,0.0342,0.0698,7.9,0.99
Site2,10/24/2022,3:26:00 AM,10/24/2022 3:26,10,13.05,0,0,0.0342,0.0698,7.9,0.99
Site2,10/24/2022,3:31:00 AM,10/24/2022 3:31,10,13.03,0,0,0.0342,0.0697,7.79,0.99
Site2,10/24/2022,3:36:00 AM,10/24/2022 3:36,10,13.03,0,0,0.0342,0.0697,7.79,0.99
Site2,10/24/2022,3:41:00 AM,10/24/2022 3:41,10,12.98,0,0,0.0341,0.0695,7.87,0.99
Site2,10/24/2022,3:46:00 AM,10/24/2022 3:46,10,12.98,0,0,0.0341,0.0695,7.87,0.99
Site2,10/24/2022,3:51:00 AM,10/24/2022 3:51,10,12.95,0,0,0.0341,0.0693,7.86,0.99
Site2,10/24/2022,3:56:00 AM,10/24/2022 3:56,10,12.95,0,0,0.0341,0.0693,7.86,0.99
Site2,10/24/2022,4:01:00 AM,10/24/2022 4:01,10,12.89,0,0,0.0341,0.069,8.05,0.99
Site2,10/24/2022,4:06:00 AM,10/24/2022 4:06,10,12.89,0,0,0.0341,0.069,8.05,0.99
Site2,10/24/2022,4:11:00 AM,10/24/2022 4:11,10,12.81,0,0,0.034,0.0687,8.1,0.99
Site2,10/24/2022,4:16:00 AM,10/24/2022 4:16,10,12.81,0,0,0.034,0.0687,8.1,0.99
Site2,10/24/2022,4:21:00 AM,10/24/2022 4:21,10,12.8,0,0,0.034,0.0686,8.09,0.99
Site2,10/24/2022,4:26:00 AM,10/24/2022 4:26,10,12.8,0,0,0.034,0.0686,8.09,0.99
Site2,10/24/2022,4:31:00 AM,10/24/2022 4:31,10,12.74,0,0,0.034,0.0683,8.09,0.99
Site2,10/24/2022,4:36:00 AM,10/24/2022 4:36,10,12.74,0,0,0.034,0.0683,8.09,0.99
Site2,10/24/2022,4:41:00 AM,10/24/2022 4:41,10,12.68,0,0,0.0339,0.068,8.1,0.99
Site2,10/24/2022,4:46:00 AM,10/24/2022 4:46,10,12.68,0,0,0.0339,0.068,8.1,0.99
Site2,10/24/2022,4:51:00 AM,10/24/2022 4:51,10,12.63,0,0,0.0339,0.0678,8.12,0.99
Site2,10/24/2022,4:56:00 AM,10/24/2022 4:56,10,12.63,0,0,0.0339,0.0678,8.12,0.99
Site2,10/24/2022,5:01:00 AM,10/24/2022 5:01,10,12.59,0,0,0.0338,0.0676,8.07,0.99
Site2,10/24/2022,5:06:00 AM,10/24/2022 5:06,10,12.59,0,0,0.0338,0.0676,8.07,0.99
Site2,10/24/2022,5:11:00 AM,10/24/2022 5:11,10,12.52,0,0,0.0338,0.0673,8.22,0.99
Site2,10/24/2022,5:16:00 AM,10/24/2022 5:16,10,12.52,0,0,0.0338,0.0673,8.22,0.99
Site2,10/24/2022,5:21:00 AM,10/24/2022 5:21,10,12.48,0,0,0.0337,0.0671,8.19,0.99
Site2,10/24/2022,5:26:00 AM,10/24/2022 5:26,10,12.48,0,0,0.0337,0.0671,8.19,0.99
Site2,10/24/2022,5:31:00 AM,10/24/2022 5:31,10,12.4,0,0,0.0337,0.0667,8.24,0.99
Site2,10/24/2022,5:36:00 AM,10/24/2022 5:36,10,12.4,0,0,0.0337,0.0667,8.24,0.99
Site2,10/24/2022,5:41:00 AM,10/24/2022 5:41,10,12.36,0,0,0.0337,0.0665,8.06,0.99
Site2,10/24/2022,5:46:00 AM,10/24/2022 5:46,10,12.36,0,0,0.0337,0.0665,8.06,0.99
Site2,10/24/2022,5:51:00 AM,10/24/2022 5:51,10,12.3,0,0,0.0336,0.0663,8.27,0.99
Site2,10/24/2022,5:56:00 AM,10/24/2022 5:56,10,12.3,0,0,0.0336,0.0663,8.27,0.99
Site2,10/24/2022,6:01:00 AM,10/24/2022 6:01,10,12.27,0,0,0.0336,0.0661,8.22,0.99
Site2,10/24/2022,6:06:00 AM,10/24/2022 6:06,10,12.27,0,0,0.0336,0.0661,8.22,0.99
Site2,10/24/2022,6:11:00 AM,10/24/2022 6:11,10,12.23,0,0,0.0335,0.0659,8.25,0.99
Site2,10/24/2022,6:16:00 AM,10/24/2022 6:16,10,12.23,0,0,0.0335,0.0659,8.25,0.99
Site2,10/24/2022,6:21:00 AM,10/24/2022 6:21,10,12.2,0,0,0.0335,0.0658,8.21,0.99
Site2,10/24/2022,6:26:00 AM,10/24/2022 6:26,10,12.2,0,0,0.0335,0.0658,8.21,0.99
Site2,10/24/2022,6:31:00 AM,10/24/2022 6:31,10,12.11,0,0,0.0335,0.0654,8.36,0.99
Site2,10/24/2022,6:36:00 AM,10/24/2022 6:36,10,12.11,0,0,0.0335,0.0654,8.36,0.99
Site2,10/24/2022,6:41:00 AM,10/24/2022 6:41,10,12.05,0.1097,0.0001,0.0334,0.0651,8.46,0.99
Site2,10/24/2022,6:46:00 AM,10/24/2022 6:46,10,12.05,0.1097,0.0001,0.0334,0.0651,8.46,0.99
Site2,10/24/2022,6:51:00 AM,10/24/2022 6:51,10,12.04,0.6889,0.0004,0.0334,0.0651,8.41,0.99
Site2,10/24/2022,6:56:00 AM,10/24/2022 6:56,10,12.04,0.6889,0.0004,0.0334,0.0651,8.41,0.99
Site2,10/24/2022,7:01:00 AM,10/24/2022 7:01,10,12.01,2.2215,0.0011,0.0334,0.0649,8.48,0.99
Site2,10/24/2022,7:06:00 AM,10/24/2022 7:06,10,12.01,2.2215,0.0011,0.0334,0.0649,8.48,0.99
Site2,10/24/2022,7:11:00 AM,10/24/2022 7:11,10,11.95,4.5688,0.0024,0.0333,0.0647,8.54,0.99
Site2,10/24/2022,7:16:00 AM,10/24/2022 7:16,10,11.95,4.5688,0.0024,0.0333,0.0647,8.54,0.99
Site2,10/24/2022,7:21:00 AM,10/24/2022 7:21,10,11.94,7.1543,0.0037,0.0333,0.0646,8.61,0.99
Site2,10/24/2022,7:26:00 AM,10/24/2022 7:26,10,11.94,7.1543,0.0037,0.0333,0.0646,8.61,0.99
Site2,10/24/2022,7:31:00 AM,10/24/2022 7:31,10,11.89,9.623,0.005,0.0333,0.0644,8.67,0.99
Site2,10/24/2022,7:36:00 AM,10/24/2022 7:36,10,11.89,9.623,0.005,0.0333,0.0644,8.67,0.99
Site2,10/24/2022,7:41:00 AM,10/24/2022 7:41,10,11.89,11.7423,0.0061,0.0333,0.0644,8.69,0.99
Site2,10/24/2022,7:46:00 AM,10/24/2022 7:46,10,11.89,11.7423,0.0061,0.0333,0.0644,8.69,0.99
Site2,10/24/2022,7:51:00 AM,10/24/2022 7:51,10,11.91,13.912,0.0072,0.0333,0.0645,8.72,0.99
Site2,10/24/2022,7:56:00 AM,10/24/2022 7:56,10,11.91,13.912,0.0072,0.0333,0.0645,8.72,0.99
Site2,10/24/2022,8:01:00 AM,10/24/2022 8:01,10,11.89,15.1552,0.0078,0.0333,0.0644,8.77,0.99
Site2,10/24/2022,8:06:00 AM,10/24/2022 8:06,10,11.89,15.1552,0.0078,0.0333,0.0644,8.77,0.99
Site2,10/24/2022,8:11:00 AM,10/24/2022 8:11,10,11.91,17.4699,0.009,0.0333,0.0645,8.81,0.99
Site2,10/24/2022,8:16:00 AM,10/24/2022 8:16,10,11.91,17.4699,0.009,0.0333,0.0645,8.81,0.99
Site2,10/24/2022,8:21:00 AM,10/24/2022 8:21,10,11.93,19.5005,0.0101,0.0333,0.0646,8.86,0.99
Site2,10/24/2022,8:26:00 AM,10/24/2022 8:26,10,11.93,19.5005,0.0101,0.0333,0.0646,8.86,0.99
Site2,10/24/2022,8:31:00 AM,10/24/2022 8:31,10,11.91,20.8206,0.0107,0.0333,0.0645,8.92,0.99
Site2,10/24/2022,8:36:00 AM,10/24/2022 8:36,10,11.91,20.8206,0.0107,0.0333,0.0645,8.92,0.99
Site2,10/24/2022,8:41:00 AM,10/24/2022 8:41,10,11.94,22.5138,0.0116,0.0333,0.0647,8.96,0.99
Site2,10/24/2022,8:46:00 AM,10/24/2022 8:46,10,11.94,22.5138,0.0116,0.0333,0.0647,8.96,0.99
Site2,10/24/2022,8:51:00 AM,10/24/2022 8:51,10,12,27.1965,0.014,0.0334,0.0649,8.99,0.99
Site2,10/24/2022,8:56:00 AM,10/24/2022 8:56,10,12,27.1965,0.014,0.0334,0.0649,8.99,0.99
Site2,10/24/2022,9:01:00 AM,10/24/2022 9:01,10,12.02,22.5611,0.0116,0.0334,0.065,9,0.99
Site2,10/24/2022,9:06:00 AM,10/24/2022 9:06,10,12.02,22.5611,0.0116,0.0334,0.065,9,0.99
Site2,10/24/2022,9:11:00 AM,10/24/2022 9:11,10,12.07,25.1482,0.013,0.0334,0.0652,9.06,0.99
Site2,10/24/2022,9:16:00 AM,10/24/2022 9:16,10,12.07,25.1482,0.013,0.0334,0.0652,9.06,0.99
Site2,10/24/2022,9:21:00 AM,10/24/2022 9:21,10,12.15,25.8586,0.0133,0.0335,0.0656,9.17,0.99
Site2,10/24/2022,9:26:00 AM,10/24/2022 9:26,10,12.15,25.8586,0.0133,0.0335,0.0656,9.17,0.99
Site2,10/24/2022,9:31:00 AM,10/24/2022 9:31,10,12.24,31.1274,0.0161,0.0336,0.066,9.23,0.99
Site2,10/24/2022,9:36:00 AM,10/24/2022 9:36,10,12.24,31.1274,0.0161,0.0336,0.066,9.23,0.99
Site2,10/24/2022,9:41:00 AM,10/24/2022 9:41,10,12.3,77.1021,0.0398,0.0336,0.0663,9.17,0.99
Site2,10/24/2022,9:46:00 AM,10/24/2022 9:46,10,12.3,77.1021,0.0398,0.0336,0.0663,9.17,0.99
Site2,10/24/2022,9:51:00 AM,10/24/2022 9:51,10,12.41,79.8253,0.0412,0.0337,0.0668,9.3,0.99
Site2,10/24/2022,9:56:00 AM,10/24/2022 9:56,10,12.41,79.8253,0.0412,0.0337,0.0668,9.3,0.99
Site2,10/24/2022,10:01:00 AM,10/24/2022 10:01,10,12.55,68.009,0.0351,0.0338,0.0674,9.31,0.99
Site2,10/24/2022,10:06:00 AM,10/24/2022 10:06,10,12.55,68.009,0.0351,0.0338,0.0674,9.31,0.99
Site2,10/24/2022,10:11:00 AM,10/24/2022 10:11,10,12.68,119.9629,0.0619,0.0339,0.068,9.33,0.99
Site2,10/24/2022,10:16:00 AM,10/24/2022 10:16,10,12.68,119.9629,0.0619,0.0339,0.068,9.33,0.99
Site2,10/24/2022,10:21:00 AM,10/24/2022 10:21,10,12.85,144.2586,0.0744,0.034,0.0688,9.36,0.99
Site2,10/24/2022,10:26:00 AM,10/24/2022 10:26,10,12.85,144.2586,0.0744,0.034,0.0688,9.36,0.99
Site2,10/24/2022,10:31:00 AM,10/24/2022 10:31,10,13.2,178.9261,0.0923,0.0343,0.0705,9.46,0.99
Site2,10/24/2022,10:36:00 AM,10/24/2022 10:36,10,13.2,178.9261,0.0923,0.0343,0.0705,9.46,0.99
Site2,10/24/2022,10:41:00 AM,10/24/2022 10:41,10,13.27,87.8765,0.0453,0.0344,0.0709,9.44,0.99
Site2,10/24/2022,10:46:00 AM,10/24/2022 10:46,10,13.27,87.8765,0.0453,0.0344,0.0709,9.44,0.99
Site2,10/24/2022,10:51:00 AM,10/24/2022 10:51,10,13.29,225.1494,0.1162,0.0344,0.071,9.55,0.99
Site2,10/24/2022,10:56:00 AM,10/24/2022 10:56,10,13.29,225.1494,0.1162,0.0344,0.071,9.55,0.99
Site2,10/24/2022,11:01:00 AM,10/24/2022 11:01,10,13.61,259.5328,0.1339,0.0347,0.0726,9.59,0.99
Site2,10/24/2022,11:06:00 AM,10/24/2022 11:06,10,13.61,259.5328,0.1339,0.0347,0.0726,9.59,0.99
Site2,10/24/2022,11:11:00 AM,10/24/2022 11:11,10,13.92,72.8634,0.0376,0.0349,0.0742,9.65,0.99
Site2,10/24/2022,11:16:00 AM,10/24/2022 11:16,10,13.92,72.8634,0.0376,0.0349,0.0742,9.65,0.99
Site2,10/24/2022,11:21:00 AM,10/24/2022 11:21,10,14.04,145.7267,0.0752,0.035,0.0747,9.6,0.99
Site2,10/24/2022,11:26:00 AM,10/24/2022 11:26,10,14.04,145.7267,0.0752,0.035,0.0747,9.6,0.99
Site2,10/24/2022,11:31:00 AM,10/24/2022 11:31,10,14.14,192.471,0.0993,0.0351,0.0753,9.59,0.99
Site2,10/24/2022,11:36:00 AM,10/24/2022 11:36,10,14.14,192.471,0.0993,0.0351,0.0753,9.59,0.99
Site2,10/24/2022,11:41:00 AM,10/24/2022 11:41,10,14.67,176.4634,0.0911,0.0356,0.0781,9.74,0.99
Site2,10/24/2022,11:46:00 AM,10/24/2022 11:46,10,14.67,176.4634,0.0911,0.0356,0.0781,9.74,0.99
Site2,10/24/2022,11:51:00 AM,10/24/2022 11:51,10,15,155.3882,0.0802,0.0358,0.0799,9.65,0.99
Site2,10/24/2022,11:56:00 AM,10/24/2022 11:56,10,15,155.3882,0.0802,0.0358,0.0799,9.65,0.99
Site2,10/24/2022,12:01:00 PM,10/24/2022 12:01,10,15.24,70.9216,0.0366,0.036,0.0813,9.52,0.99
Site2,10/24/2022,12:06:00 PM,10/24/2022 12:06,10,15.24,70.9216,0.0366,0.036,0.0813,9.52,0.99
Site2,10/24/2022,12:11:00 PM,10/24/2022 12:11,10,15.28,172.4851,0.089,0.0361,0.0815,9.44,0.99
Site2,10/24/2022,12:16:00 PM,10/24/2022 12:16,10,15.28,172.4851,0.089,0.0361,0.0815,9.44,0.99
Site2,10/24/2022,12:21:00 PM,10/24/2022 12:21,10,15.74,72.7923,0.0376,0.0365,0.0841,9.42,0.99
Site2,10/24/2022,12:26:00 PM,10/24/2022 12:26,10,15.74,72.7923,0.0376,0.0365,0.0841,9.42,0.99
Site2,10/24/2022,12:31:00 PM,10/24/2022 12:31,10,16.06,64.2438,0.0332,0.0367,0.086,9.45,0.99
Site2,10/24/2022,12:36:00 PM,10/24/2022 12:36,10,16.06,64.2438,0.0332,0.0367,0.086,9.45,0.99
Site2,10/24/2022,12:41:00 PM,10/24/2022 12:41,10,16.27,150.1786,0.0775,0.0369,0.0873,9.36,0.99
Site2,10/24/2022,12:46:00 PM,10/24/2022 12:46,10,16.27,150.1786,0.0775,0.0369,0.0873,9.36,0.99
Site2,10/24/2022,12:51:00 PM,10/24/2022 12:51,10,16.43,106.039,0.0547,0.0371,0.0882,9.32,0.99
Site2,10/24/2022,12:56:00 PM,10/24/2022 12:56,10,16.43,106.039,0.0547,0.0371,0.0882,9.32,0.99
Site2,10/24/2022,1:01:00 PM,10/24/2022 13:01,10,16.6,69.5955,0.0359,0.0372,0.0893,9.23,0.99
Site2,10/24/2022,1:06:00 PM,10/24/2022 13:06,10,16.6,69.5955,0.0359,0.0372,0.0893,9.23,0.99
Site2,10/24/2022,1:11:00 PM,10/24/2022 13:11,10,16.73,133.3658,0.0688,0.0373,0.0901,9.14,0.99
Site2,10/24/2022,1:16:00 PM,10/24/2022 13:16,10,16.73,133.3658,0.0688,0.0373,0.0901,9.14,0.99
Site2,10/24/2022,1:21:00 PM,10/24/2022 13:21,10,16.9,65.3331,0.0337,0.0375,0.0911,9.13,0.99
Site2,10/24/2022,1:26:00 PM,10/24/2022 13:26,10,16.9,65.3331,0.0337,0.0375,0.0911,9.13,0.99
Site2,10/24/2022,1:31:00 PM,10/24/2022 13:31,10,17.12,53.351,0.0275,0.0377,0.0926,9.14,0.99
Site2,10/24/2022,1:36:00 PM,10/24/2022 13:36,10,17.12,53.351,0.0275,0.0377,0.0926,9.14,0.99
Site2,10/24/2022,1:41:00 PM,10/24/2022 13:41,10,17.2,60.8576,0.0314,0.0378,0.0931,8.9,0.99
Site2,10/24/2022,1:46:00 PM,10/24/2022 13:46,10,17.2,60.8576,0.0314,0.0378,0.0931,8.9,0.99
Site2,10/24/2022,1:51:00 PM,10/24/2022 13:51,10,17.27,36.2186,0.0187,0.0378,0.0935,8.72,0.99
Site2,10/24/2022,1:56:00 PM,10/24/2022 13:56,10,17.27,36.2186,0.0187,0.0378,0.0935,8.72,0.99
Site2,10/24/2022,2:01:00 PM,10/24/2022 14:01,10,17.36,38.4208,0.0198,0.0379,0.0941,8.74,0.99
Site2,10/24/2022,2:06:00 PM,10/24/2022 14:06,10,17.36,38.4208,0.0198,0.0379,0.0941,8.74,0.99
Site2,10/24/2022,2:11:00 PM,10/24/2022 14:11,10,17.53,32.7968,0.0169,0.0381,0.0952,8.78,0.99
Site2,10/24/2022,2:16:00 PM,10/24/2022 14:16,10,17.53,32.7968,0.0169,0.0381,0.0952,8.78,0.99
Site2,10/24/2022,2:21:00 PM,10/24/2022 14:21,10,17.59,31.9443,0.0165,0.0381,0.0956,8.8,0.99
Site2,10/24/2022,2:26:00 PM,10/24/2022 14:26,10,17.59,31.9443,0.0165,0.0381,0.0956,8.8,0.99
Site2,10/24/2022,2:31:00 PM,10/24/2022 14:31,10,17.74,60.7629,0.0314,0.0382,0.0966,8.69,0.99
Site2,10/24/2022,2:36:00 PM,10/24/2022 14:36,10,17.74,60.7629,0.0314,0.0382,0.0966,8.69,0.99
Site2,10/24/2022,2:41:00 PM,10/24/2022 14:41,10,17.83,40.5757,0.0209,0.0383,0.0972,8.72,0.99
Site2,10/24/2022,2:46:00 PM,10/24/2022 14:46,10,17.83,40.5757,0.0209,0.0383,0.0972,8.72,0.99
Site2,10/24/2022,2:51:00 PM,10/24/2022 14:51,10,17.84,36.8224,0.019,0.0383,0.0973,8.61,0.99
Site2,10/24/2022,2:56:00 PM,10/24/2022 14:56,10,17.84,36.8224,0.019,0.0383,0.0973,8.61,0.99
Site2,10/24/2022,3:01:00 PM,10/24/2022 15:01,10,17.88,48.0586,0.0248,0.0384,0.0976,8.53,0.99
Site2,10/24/2022,3:06:00 PM,10/24/2022 15:06,10,17.88,48.0586,0.0248,0.0384,0.0976,8.53,0.99
Site2,10/24/2022,3:11:00 PM,10/24/2022 15:11,10,18.03,54.0378,0.0279,0.0385,0.0986,8.55,0.99
Site2,10/24/2022,3:16:00 PM,10/24/2022 15:16,10,18.03,54.0378,0.0279,0.0385,0.0986,8.55,0.99
Site2,10/24/2022,3:21:00 PM,10/24/2022 15:21,10,18.21,57.2346,0.0295,0.0387,0.0998,8.49,0.99
Site2,10/24/2022,3:26:00 PM,10/24/2022 15:26,10,18.21,57.2346,0.0295,0.0387,0.0998,8.49,0.99
Site2,10/24/2022,3:31:00 PM,10/24/2022 15:31,10,18.31,60.5261,0.0312,0.0388,0.1005,8.43,0.99
Site2,10/24/2022,3:36:00 PM,10/24/2022 15:36,10,18.31,60.5261,0.0312,0.0388,0.1005,8.43,0.99
Site2,10/24/2022,3:41:00 PM,10/24/2022 15:41,10,18.37,48.3309,0.0249,0.0388,0.1009,8.4,0.99
Site2,10/24/2022,3:46:00 PM,10/24/2022 15:46,10,18.37,48.3309,0.0249,0.0388,0.1009,8.4,0.99
Site2,10/24/2022,3:51:00 PM,10/24/2022 15:51,10,18.3,22.8334,0.0118,0.0388,0.1005,8.36,0.99
Site2,10/24/2022,3:56:00 PM,10/24/2022 15:56,10,18.3,22.8334,0.0118,0.0388,0.1005,8.36,0.99
Site2,10/24/2022,4:01:00 PM,10/24/2022 16:01,10,18.22,22.5315,0.0116,0.0387,0.0999,8.19,0.99
Site2,10/24/2022,4:06:00 PM,10/24/2022 16:06,10,18.22,22.5315,0.0116,0.0387,0.0999,8.19,0.99
Site2,10/24/2022,4:11:00 PM,10/24/2022 16:11,10,18.17,21.164,0.0109,0.0386,0.0995,8.13,0.99
Site2,10/24/2022,4:16:00 PM,10/24/2022 16:16,10,18.17,21.164,0.0109,0.0386,0.0995,8.13,0.99
Site2,10/24/2022,4:21:00 PM,10/24/2022 16:21,10,18.13,18.8966,0.0098,0.0386,0.0992,8.08,0.99
Site2,10/24/2022,4:26:00 PM,10/24/2022 16:26,10,18.13,18.8966,0.0098,0.0386,0.0992,8.08,0.99
Site2,10/24/2022,4:31:00 PM,10/24/2022 16:31,10,18.08,15.9603,0.0082,0.0386,0.0989,8.03,0.99
Site2,10/24/2022,4:36:00 PM,10/24/2022 16:36,10,18.08,15.9603,0.0082,0.0386,0.0989,8.03,0.99
Site2,10/24/2022,4:41:00 PM,10/24/2022 16:41,10,18,12.1893,0.0063,0.0385,0.0984,7.93,0.99
Site2,10/24/2022,4:46:00 PM,10/24/2022 16:46,10,18,12.1893,0.0063,0.0385,0.0984,7.93,0.99
Site2,10/24/2022,4:51:00 PM,10/24/2022 16:51,10,17.91,14.5514,0.0075,0.0384,0.0978,7.76,0.99
Site2,10/24/2022,4:56:00 PM,10/24/2022 16:56,10,17.91,14.5514,0.0075,0.0384,0.0978,7.76,0.99
Site2,10/24/2022,5:01:00 PM,10/24/2022 17:01,10,17.81,19.5893,0.0101,0.0383,0.0971,7.74,0.99
Site2,10/24/2022,5:06:00 PM,10/24/2022 17:06,10,17.81,19.5893,0.0101,0.0383,0.0971,7.74,0.99
Site2,10/24/2022,5:11:00 PM,10/24/2022 17:11,10,17.73,12.6333,0.0065,0.0382,0.0965,7.73,0.99
Site2,10/24/2022,5:16:00 PM,10/24/2022 17:16,10,17.73,12.6333,0.0065,0.0382,0.0965,7.73,0.99
Site2,10/24/2022,5:21:00 PM,10/24/2022 17:21,10,17.66,10.6678,0.0055,0.0382,0.0961,7.62,0.99
Site2,10/24/2022,5:26:00 PM,10/24/2022 17:26,10,17.66,10.6678,0.0055,0.0382,0.0961,7.62,0.99
Site2,10/24/2022,5:31:00 PM,10/24/2022 17:31,10,17.56,5.2259,0.0027,0.0381,0.0954,7.53,0.99
Site2,10/24/2022,5:36:00 PM,10/24/2022 17:36,10,17.56,5.2259,0.0027,0.0381,0.0954,7.53,0.99
Site2,10/24/2022,5:41:00 PM,10/24/2022 17:41,10,17.48,3.0148,0.0016,0.038,0.0949,7.42,0.99
Site2,10/24/2022,5:46:00 PM,10/24/2022 17:46,10,17.48,3.0148,0.0016,0.038,0.0949,7.42,0.99
Site2,10/24/2022,5:51:00 PM,10/24/2022 17:51,10,17.33,1.8197,0.0009,0.0379,0.0939,7.25,0.99
Site2,10/24/2022,5:56:00 PM,10/24/2022 17:56,10,17.33,1.8197,0.0009,0.0379,0.0939,7.25,0.99
Site2,10/24/2022,6:01:00 PM,10/24/2022 18:01,10,17.23,0.617,0.0003,0.0378,0.0933,7.09,0.99
Site2,10/24/2022,6:06:00 PM,10/24/2022 18:06,10,17.23,0.617,0.0003,0.0378,0.0933,7.09,0.99
Site2,10/24/2022,6:11:00 PM,10/24/2022 18:11,10,17.06,0.0757,0,0.0376,0.0922,7.05,0.99
Site2,10/24/2022,6:16:00 PM,10/24/2022 18:16,10,17.06,0.0757,0,0.0376,0.0922,7.05,0.99
Site2,10/24/2022,6:21:00 PM,10/24/2022 18:21,10,16.89,0,0,0.0375,0.0911,7.02,0.99
Site2,10/24/2022,6:26:00 PM,10/24/2022 18:26,10,16.89,0,0,0.0375,0.0911,7.02,0.99
Site2,10/24/2022,6:31:00 PM,10/24/2022 18:31,10,16.77,0,0,0.0374,0.0903,7.14,0.99
Site2,10/24/2022,6:36:00 PM,10/24/2022 18:36,10,16.77,0,0,0.0374,0.0903,7.14,0.99
Site2,10/24/2022,6:41:00 PM,10/24/2022 18:41,10,16.66,0,0,0.0373,0.0897,7.13,0.99
Site2,10/24/2022,6:46:00 PM,10/24/2022 18:46,10,16.66,0,0,0.0373,0.0897,7.13,0.99
Site2,10/24/2022,6:51:00 PM,10/24/2022 18:51,10,16.55,0,0,0.0372,0.089,6.99,0.99
Site2,10/24/2022,6:56:00 PM,10/24/2022 18:56,10,16.55,0,0,0.0372,0.089,6.99,0.99
Site2,10/24/2022,7:01:00 PM,10/24/2022 19:01,10,16.47,0,0,0.0371,0.0884,7.02,0.99
Site2,10/24/2022,7:06:00 PM,10/24/2022 19:06,10,16.47,0,0,0.0371,0.0884,7.02,0.99
Site2,10/24/2022,7:11:00 PM,10/24/2022 19:11,10,16.35,0,0,0.037,0.0877,7.05,0.99
Site2,10/24/2022,7:16:00 PM,10/24/2022 19:16,10,16.35,0,0,0.037,0.0877,7.05,0.99
Site2,10/24/2022,7:21:00 PM,10/24/2022 19:21,10,16.26,0,0,0.0369,0.0872,7.02,0.99
Site2,10/24/2022,7:26:00 PM,10/24/2022 19:26,10,16.26,0,0,0.0369,0.0872,7.02,0.99
Site2,10/24/2022,7:31:00 PM,10/24/2022 19:31,10,16.17,0,0,0.0368,0.0866,7.07,0.99
Site2,10/24/2022,7:36:00 PM,10/24/2022 19:36,10,16.17,0,0,0.0368,0.0866,7.07,0.99
Site2,10/24/2022,7:41:00 PM,10/24/2022 19:41,10,16.02,0,0,0.0367,0.0858,7.09,0.99
Site2,10/24/2022,7:46:00 PM,10/24/2022 19:46,10,16.02,0,0,0.0367,0.0858,7.09,0.99
Site2,10/24/2022,7:51:00 PM,10/24/2022 19:51,10,15.87,0,0,0.0366,0.0849,7.15,0.99
Site2,10/24/2022,7:56:00 PM,10/24/2022 19:56,10,15.87,0,0,0.0366,0.0849,7.15,0.99
Site2,10/24/2022,8:01:00 PM,10/24/2022 20:01,10,15.78,0,0,0.0365,0.0843,5.57,0.99
Site2,10/24/2022,8:06:00 PM,10/24/2022 20:06,10,15.78,0,0,0.0365,0.0843,5.57,0.99
Site2,10/24/2022,8:11:00 PM,10/24/2022 20:11,10,15.66,0,0,0.0364,0.0836,7.1,0.99
Site2,10/24/2022,8:16:00 PM,10/24/2022 20:16,10,15.66,0,0,0.0364,0.0836,7.1,0.99
Site2,10/24/2022,8:21:00 PM,10/24/2022 20:21,10,15.55,0,0,0.0363,0.083,7.34,0.99
Site2,10/24/2022,8:26:00 PM,10/24/2022 20:26,10,15.55,0,0,0.0363,0.083,7.34,0.99
Site2,10/24/2022,8:31:00 PM,10/24/2022 20:31,10,15.43,0,0,0.0362,0.0823,7.39,0.99
Site2,10/24/2022,8:36:00 PM,10/24/2022 20:36,10,15.43,0,0,0.0362,0.0823,7.39,0.99
Site2,10/24/2022,8:41:00 PM,10/24/2022 20:41,10,15.34,0,0,0.0361,0.0818,7.37,0.99
Site2,10/24/2022,8:46:00 PM,10/24/2022 20:46,10,15.34,0,0,0.0361,0.0818,7.37,0.99
Site2,10/24/2022,8:51:00 PM,10/24/2022 20:51,10,15.25,0,0,0.036,0.0813,7.41,0.99
Site2,10/24/2022,8:56:00 PM,10/24/2022 20:56,10,15.25,0,0,0.036,0.0813,7.41,0.99
Site2,10/24/2022,9:01:00 PM,10/24/2022 21:01,10,15.13,0,0,0.0359,0.0806,7.43,0.99
Site2,10/24/2022,9:06:00 PM,10/24/2022 21:06,10,15.13,0,0,0.0359,0.0806,7.43,0.99
Site2,10/24/2022,9:11:00 PM,10/24/2022 21:11,10,15.04,0,0,0.0359,0.0801,7.45,0.99
Site2,10/24/2022,9:16:00 PM,10/24/2022 21:16,10,15.04,0,0,0.0359,0.0801,7.45,0.99
Site2,10/24/2022,9:21:00 PM,10/24/2022 21:21,10,14.94,0,0,0.0358,0.0796,7.45,0.99
Site2,10/24/2022,9:26:00 PM,10/24/2022 21:26,10,14.94,0,0,0.0358,0.0796,7.45,0.99
Site2,10/24/2022,9:31:00 PM,10/24/2022 21:31,10,14.83,0,0,0.0357,0.079,7.5,0.99
Site2,10/24/2022,9:36:00 PM,10/24/2022 21:36,10,14.83,0,0,0.0357,0.079,7.5,0.99
Site2,10/24/2022,9:41:00 PM,10/24/2022 21:41,10,14.78,0,0,0.0356,0.0787,7.48,0.99
Site2,10/24/2022,9:46:00 PM,10/24/2022 21:46,10,14.78,0,0,0.0356,0.0787,7.48,0.99
Site2,10/24/2022,9:51:00 PM,10/24/2022 21:51,10,14.66,0,0,0.0355,0.078,7.54,0.99
Site2,10/24/2022,9:56:00 PM,10/24/2022 21:56,10,14.66,0,0,0.0355,0.078,7.54,0.99
Site2,10/24/2022,10:01:00 PM,10/24/2022 22:01,10,14.58,0,0,0.0355,0.0776,7.56,0.99
Site2,10/24/2022,10:06:00 PM,10/24/2022 22:06,10,14.58,0,0,0.0355,0.0776,7.56,0.99
Site2,10/24/2022,10:11:00 PM,10/24/2022 22:11,10,14.5,0,0,0.0354,0.0772,7.6,0.99
Site2,10/24/2022,10:16:00 PM,10/24/2022 22:16,10,14.5,0,0,0.0354,0.0772,7.6,0.99
Site2,10/24/2022,10:21:00 PM,10/24/2022 22:21,10,14.43,0,0,0.0354,0.0768,7.62,0.99
Site2,10/24/2022,10:26:00 PM,10/24/2022 22:26,10,14.43,0,0,0.0354,0.0768,7.62,0.99
Site2,10/24/2022,10:31:00 PM,10/24/2022 22:31,10,14.33,0,0,0.0353,0.0763,7.66,0.99
Site2,10/24/2022,10:36:00 PM,10/24/2022 22:36,10,14.33,0,0,0.0353,0.0763,7.66,0.99
Site2,10/24/2022,10:41:00 PM,10/24/2022 22:41,10,14.29,0,0,0.0352,0.0761,7.63,0.99
Site2,10/24/2022,10:46:00 PM,10/24/2022 22:46,10,14.29,0,0,0.0352,0.0761,7.63,0.99
Site2,10/24/2022,10:51:00 PM,10/24/2022 22:51,10,14.23,0,0,0.0352,0.0757,7.67,0.99
Site2,10/24/2022,10:56:00 PM,10/24/2022 22:56,10,14.23,0,0,0.0352,0.0757,7.67,0.99
Site2,10/24/2022,11:01:00 PM,10/24/2022 23:01,10,14.15,0,0,0.0351,0.0753,7.7,0.99
Site2,10/24/2022,11:06:00 PM,10/24/2022 23:06,10,14.15,0,0,0.0351,0.0753,7.7,0.99
Site2,10/24/2022,11:11:00 PM,10/24/2022 23:11,10,14.12,0,0,0.0351,0.0752,7.69,0.99
Site2,10/24/2022,11:16:00 PM,10/24/2022 23:16,10,14.12,0,0,0.0351,0.0752,7.69,0.99
Site2,10/24/2022,11:21:00 PM,10/24/2022 23:21,10,14.08,0,0,0.0351,0.075,7.71,0.99
Site2,10/24/2022,11:26:00 PM,10/24/2022 23:26,10,14.08,0,0,0.0351,0.075,7.71,0.99
Site2,10/24/2022,11:31:00 PM,10/24/2022 23:31,10,14,0,0,0.035,0.0746,7.74,0.99
Site2,10/24/2022,11:36:00 PM,10/24/2022 23:36,10,14,0,0,0.035,0.0746,7.74,0.99
Site2,10/24/2022,11:41:00 PM,10/24/2022 23:41,10,14.02,0,0,0.035,0.0746,7.76,0.99
Site2,10/24/2022,11:46:00 PM,10/24/2022 23:46,10,14.02,0,0,0.035,0.0746,7.76,0.99
Site2,10/24/2022,11:51:00 PM,10/24/2022 23:51,10,13.99,0,0,0.035,0.0745,7.73,0.99
Site2,10/24/2022,11:56:00 PM,10/24/2022 23:56,10,13.99,0,0,0.035,0.0745,7.73,0.99
Site2,10/25/2022,12:01:00 AM,10/25/2022 0:01,10,13.96,0,0,0.0962,0.202,7.76,0.98
Site2,10/25/2022,12:06:00 AM,10/25/2022 0:06,10,13.96,0,0,0.0962,0.202,7.76,0.98
Site2,10/25/2022,12:11:00 AM,10/25/2022 0:11,10,13.88,0,0,0.096,0.2009,7.71,0.98
Site2,10/25/2022,12:16:00 AM,10/25/2022 0:16,10,13.88,0,0,0.096,0.2009,7.71,0.98
Site2,10/25/2022,12:21:00 AM,10/25/2022 0:21,10,13.89,0,0,0.096,0.201,7.76,0.98
Site2,10/25/2022,12:26:00 AM,10/25/2022 0:26,10,13.89,0,0,0.096,0.201,7.76,0.98
Site2,10/25/2022,12:31:00 AM,10/25/2022 0:31,10,13.9,0,0,0.096,0.2012,7.81,0.98
Site2,10/25/2022,12:36:00 AM,10/25/2022 0:36,10,13.9,0,0,0.096,0.2012,7.81,0.98
Site2,10/25/2022,12:41:00 AM,10/25/2022 0:41,10,13.91,0,0,0.096,0.2013,7.8,0.98
Site2,10/25/2022,12:46:00 AM,10/25/2022 0:46,10,13.91,0,0,0.096,0.2013,7.8,0.98
Site2,10/25/2022,12:51:00 AM,10/25/2022 0:51,10,13.9,0,0,0.096,0.2012,7.79,0.98
Site2,10/25/2022,12:56:00 AM,10/25/2022 0:56,10,13.9,0,0,0.096,0.2012,7.79,0.98
Site2,10/25/2022,1:01:00 AM,10/25/2022 1:01,10,13.92,0,0,0.0961,0.2015,7.82,0.98
Site2,10/25/2022,1:06:00 AM,10/25/2022 1:06,10,13.92,0,0,0.0961,0.2015,7.82,0.98
Site2,10/25/2022,1:11:00 AM,10/25/2022 1:11,10,13.98,0,0,0.0962,0.2024,7.8,0.98
Site2,10/25/2022,1:16:00 AM,10/25/2022 1:16,10,13.98,0,0,0.0962,0.2024,7.8,0.98
Site2,10/25/2022,1:21:00 AM,10/25/2022 1:21,10,14.02,0,0,0.0963,0.2029,7.77,0.98
Site2,10/25/2022,1:26:00 AM,10/25/2022 1:26,10,14.02,0,0,0.0963,0.2029,7.77,0.98
Site2,10/25/2022,1:31:00 AM,10/25/2022 1:31,10,14.03,0,0,0.0963,0.203,7.77,0.98
Site2,10/25/2022,1:36:00 AM,10/25/2022 1:36,10,14.03,0,0,0.0963,0.203,7.77,0.98
Site2,10/25/2022,1:41:00 AM,10/25/2022 1:41,10,13.97,0,0,0.0962,0.2022,7.79,0.98
Site2,10/25/2022,1:46:00 AM,10/25/2022 1:46,10,13.97,0,0,0.0962,0.2022,7.79,0.98
Site2,10/25/2022,1:51:00 AM,10/25/2022 1:51,10,13.94,0,0,0.0961,0.2018,7.77,0.98
Site2,10/25/2022,1:56:00 AM,10/25/2022 1:56,10,13.94,0,0,0.0961,0.2018,7.77,0.98
Site2,10/25/2022,2:01:00 AM,10/25/2022 2:01,10,13.92,0,0,0.0961,0.2015,7.78,0.98
Site2,10/25/2022,2:06:00 AM,10/25/2022 2:06,10,13.92,0,0,0.0961,0.2015,7.78,0.98
Site2,10/25/2022,2:11:00 AM,10/25/2022 2:11,10,13.91,0,0,0.0961,0.2014,7.8,0.98
Site2,10/25/2022,2:16:00 AM,10/25/2022 2:16,10,13.91,0,0,0.0961,0.2014,7.8,0.98
Site2,10/25/2022,2:21:00 AM,10/25/2022 2:21,10,13.89,0,0,0.096,0.201,7.83,0.98
Site2,10/25/2022,2:26:00 AM,10/25/2022 2:26,10,13.89,0,0,0.096,0.201,7.83,0.98
Site2,10/25/2022,2:31:00 AM,10/25/2022 2:31,10,13.91,0,0,0.096,0.2013,7.85,0.98
Site2,10/25/2022,2:36:00 AM,10/25/2022 2:36,10,13.91,0,0,0.096,0.2013,7.85,0.98
Site2,10/25/2022,2:41:00 AM,10/25/2022 2:41,10,13.91,0,0,0.096,0.2013,7.78,0.98
Site2,10/25/2022,2:46:00 AM,10/25/2022 2:46,10,13.91,0,0,0.096,0.2013,7.78,0.98
Site2,10/25/2022,2:51:00 AM,10/25/2022 2:51,10,13.92,0,0,0.0961,0.2015,7.82,0.98
Site2,10/25/2022,2:56:00 AM,10/25/2022 2:56,10,13.92,0,0,0.0961,0.2015,7.82,0.98
Site2,10/25/2022,3:01:00 AM,10/25/2022 3:01,10,13.9,0,0,0.096,0.2012,7.87,0.98
Site2,10/25/2022,3:06:00 AM,10/25/2022 3:06,10,13.9,0,0,0.096,0.2012,7.87,0.98
Site2,10/25/2022,3:11:00 AM,10/25/2022 3:11,10,13.91,0,0,0.0961,0.2014,7.8,0.98
Site2,10/25/2022,3:16:00 AM,10/25/2022 3:16,10,13.91,0,0,0.0961,0.2014,7.8,0.98
Site2,10/25/2022,3:21:00 AM,10/25/2022 3:21,10,13.92,0,0,0.0961,0.2015,7.8,0.98
Site2,10/25/2022,3:26:00 AM,10/25/2022 3:26,10,13.92,0,0,0.0961,0.2015,7.8,0.98
Site2,10/25/2022,3:31:00 AM,10/25/2022 3:31,10,13.91,0,0,0.0961,0.2014,7.77,0.98
Site2,10/25/2022,3:36:00 AM,10/25/2022 3:36,10,13.91,0,0,0.0961,0.2014,7.77,0.98
Site2,10/25/2022,3:41:00 AM,10/25/2022 3:41,10,13.93,0,0,0.0961,0.2016,7.72,0.98
Site2,10/25/2022,3:46:00 AM,10/25/2022 3:46,10,13.93,0,0,0.0961,0.2016,7.72,0.98
Site2,10/25/2022,3:51:00 AM,10/25/2022 3:51,10,13.9,0,0,0.096,0.2012,7.6,0.98
Site2,10/25/2022,3:56:00 AM,10/25/2022 3:56,10,13.9,0,0,0.096,0.2012,7.6,0.98
Site2,10/25/2022,4:01:00 AM,10/25/2022 4:01,10,13.91,0,0,0.0961,0.2014,7.75,0.98
Site2,10/25/2022,4:06:00 AM,10/25/2022 4:06,10,13.91,0,0,0.0961,0.2014,7.75,0.98
Site2,10/25/2022,4:11:00 AM,10/25/2022 4:11,10,13.91,0,0,0.0961,0.2014,7.82,0.98
Site2,10/25/2022,4:16:00 AM,10/25/2022 4:16,10,13.91,0,0,0.0961,0.2014,7.82,0.98
Site2,10/25/2022,4:21:00 AM,10/25/2022 4:21,10,13.94,0,0,0.0961,0.2018,7.78,0.98
Site2,10/25/2022,4:26:00 AM,10/25/2022 4:26,10,13.94,0,0,0.0961,0.2018,7.78,0.98
Site2,10/25/2022,4:31:00 AM,10/25/2022 4:31,10,13.97,0,0,0.0962,0.2022,7.58,0.98
Site2,10/25/2022,4:36:00 AM,10/25/2022 4:36,10,13.97,0,0,0.0962,0.2022,7.58,0.98
Site2,10/25/2022,4:41:00 AM,10/25/2022 4:41,10,13.98,0,0,0.0962,0.2024,7.73,0.98
Site2,10/25/2022,4:46:00 AM,10/25/2022 4:46,10,13.98,0,0,0.0962,0.2024,7.73,0.98
Site2,10/25/2022,4:51:00 AM,10/25/2022 4:51,10,13.99,0,0,0.0962,0.2025,7.63,0.98
Site2,10/25/2022,4:56:00 AM,10/25/2022 4:56,10,13.99,0,0,0.0962,0.2025,7.63,0.98
Site2,10/25/2022,5:01:00 AM,10/25/2022 5:01,10,14.04,0,0,0.0964,0.2032,7.7,0.98
Site2,10/25/2022,5:06:00 AM,10/25/2022 5:06,10,14.04,0,0,0.0964,0.2032,7.7,0.98
Site2,10/25/2022,5:11:00 AM,10/25/2022 5:11,10,14.07,0,0,0.0964,0.2036,7.73,0.98
Site2,10/25/2022,5:16:00 AM,10/25/2022 5:16,10,14.07,0,0,0.0964,0.2036,7.73,0.98
Site2,10/25/2022,5:21:00 AM,10/25/2022 5:21,10,14.09,0,0,0.0965,0.2038,7.79,0.98
Site2,10/25/2022,5:26:00 AM,10/25/2022 5:26,10,14.09,0,0,0.0965,0.2038,7.79,0.98
Site2,10/25/2022,5:31:00 AM,10/25/2022 5:31,10,14.12,0,0,0.0965,0.2043,7.76,0.98
Site2,10/25/2022,5:36:00 AM,10/25/2022 5:36,10,14.12,0,0,0.0965,0.2043,7.76,0.98
Site2,10/25/2022,5:41:00 AM,10/25/2022 5:41,10,14.15,0,0,0.0966,0.2047,7.73,0.98
Site2,10/25/2022,5:46:00 AM,10/25/2022 5:46,10,14.15,0,0,0.0966,0.2047,7.73,0.98
Site2,10/25/2022,5:51:00 AM,10/25/2022 5:51,10,14.17,0,0,0.0966,0.2049,7.71,0.98
Site2,10/25/2022,5:56:00 AM,10/25/2022 5:56,10,14.17,0,0,0.0966,0.2049,7.71,0.98
Site2,10/25/2022,6:01:00 AM,10/25/2022 6:01,10,14.2,0,0,0.0967,0.2054,7.76,0.98
Site2,10/25/2022,6:06:00 AM,10/25/2022 6:06,10,14.2,0,0,0.0967,0.2054,7.76,0.98
Site2,10/25/2022,6:11:00 AM,10/25/2022 6:11,10,14.24,0,0,0.0968,0.2059,7.77,0.98
Site2,10/25/2022,6:16:00 AM,10/25/2022 6:16,10,14.24,0,0,0.0968,0.2059,7.77,0.98
Site2,10/25/2022,6:21:00 AM,10/25/2022 6:21,10,14.24,0,0,0.0968,0.2059,7.78,0.98
Site2,10/25/2022,6:26:00 AM,10/25/2022 6:26,10,14.24,0,0,0.0968,0.2059,7.78,0.98
Site2,10/25/2022,6:31:00 AM,10/25/2022 6:31,10,14.3,0,0,0.0969,0.2068,7.71,0.98
Site2,10/25/2022,6:36:00 AM,10/25/2022 6:36,10,14.3,0,0,0.0969,0.2068,7.71,0.98
Site2,10/25/2022,6:41:00 AM,10/25/2022 6:41,10,14.3,0.0529,0.0001,0.097,0.2069,7.63,0.98
Site2,10/25/2022,6:46:00 AM,10/25/2022 6:46,10,14.3,0.0529,0.0001,0.097,0.2069,7.63,0.98
Site2,10/25/2022,6:51:00 AM,10/25/2022 6:51,10,14.31,0.6817,0.0009,0.097,0.2071,7.67,0.98
Site2,10/25/2022,6:56:00 AM,10/25/2022 6:56,10,14.31,0.6817,0.0009,0.097,0.2071,7.67,0.98
Site2,10/25/2022,7:01:00 AM,10/25/2022 7:01,10,14.33,1.5018,0.002,0.097,0.2073,7.69,0.98
Site2,10/25/2022,7:06:00 AM,10/25/2022 7:06,10,14.33,1.5018,0.002,0.097,0.2073,7.69,0.98
Site2,10/25/2022,7:11:00 AM,10/25/2022 7:11,10,14.36,5.6062,0.0076,0.0971,0.2077,7.66,0.98
Site2,10/25/2022,7:16:00 AM,10/25/2022 7:16,10,14.36,5.6062,0.0076,0.0971,0.2077,7.66,0.98
Site2,10/25/2022,7:21:00 AM,10/25/2022 7:21,10,14.39,12.3136,0.0167,0.0972,0.2082,7.75,0.98
Site2,10/25/2022,7:26:00 AM,10/25/2022 7:26,10,14.39,12.3136,0.0167,0.0972,0.2082,7.75,0.98
Site2,10/25/2022,7:31:00 AM,10/25/2022 7:31,10,14.43,19.7136,0.0267,0.0973,0.2088,7.81,0.98
Site2,10/25/2022,7:36:00 AM,10/25/2022 7:36,10,14.43,19.7136,0.0267,0.0973,0.2088,7.81,0.98
Site2,10/25/2022,7:41:00 AM,10/25/2022 7:41,10,14.45,26.9834,0.0365,0.0973,0.209,8.01,0.98
Site2,10/25/2022,7:46:00 AM,10/25/2022 7:46,10,14.45,26.9834,0.0365,0.0973,0.209,8.01,0.98
Site2,10/25/2022,7:51:00 AM,10/25/2022 7:51,10,14.52,20.6845,0.028,0.0975,0.21,8.07,0.98
Site2,10/25/2022,7:56:00 AM,10/25/2022 7:56,10,14.52,20.6845,0.028,0.0975,0.21,8.07,0.98
Site2,10/25/2022,8:01:00 AM,10/25/2022 8:01,10,14.58,43.3581,0.0587,0.0976,0.2109,8.15,0.98
Site2,10/25/2022,8:06:00 AM,10/25/2022 8:06,10,14.58,43.3581,0.0587,0.0976,0.2109,8.15,0.98
Site2,10/25/2022,8:11:00 AM,10/25/2022 8:11,10,14.67,48.2954,0.0654,0.0978,0.2122,8.33,0.98
Site2,10/25/2022,8:16:00 AM,10/25/2022 8:16,10,14.67,48.2954,0.0654,0.0978,0.2122,8.33,0.98
Site2,10/25/2022,8:21:00 AM,10/25/2022 8:21,10,14.77,15.8419,0.0214,0.098,0.2137,8.37,0.98
Site2,10/25/2022,8:26:00 AM,10/25/2022 8:26,10,14.77,15.8419,0.0214,0.098,0.2137,8.37,0.98
Site2,10/25/2022,8:31:00 AM,10/25/2022 8:31,10,14.79,23.6208,0.032,0.0981,0.214,8.25,0.98
Site2,10/25/2022,8:36:00 AM,10/25/2022 8:36,10,14.79,23.6208,0.032,0.0981,0.214,8.25,0.98
Site2,10/25/2022,8:41:00 AM,10/25/2022 8:41,10,14.84,29.2211,0.0396,0.0982,0.2148,8.23,0.98
Site2,10/25/2022,8:46:00 AM,10/25/2022 8:46,10,14.84,29.2211,0.0396,0.0982,0.2148,8.23,0.98
Site2,10/25/2022,8:51:00 AM,10/25/2022 8:51,10,14.89,50.32,0.0681,0.0983,0.2155,8.27,0.98
Site2,10/25/2022,8:56:00 AM,10/25/2022 8:56,10,14.89,50.32,0.0681,0.0983,0.2155,8.27,0.98
Site2,10/25/2022,9:01:00 AM,10/25/2022 9:01,10,14.97,73.408,0.0994,0.0985,0.2167,8.44,0.98
Site2,10/25/2022,9:06:00 AM,10/25/2022 9:06,10,14.97,73.408,0.0994,0.0985,0.2167,8.44,0.98
Site2,10/25/2022,9:11:00 AM,10/25/2022 9:11,10,15.09,50.5568,0.0685,0.0988,0.2185,8.52,0.98
Site2,10/25/2022,9:16:00 AM,10/25/2022 9:16,10,15.09,50.5568,0.0685,0.0988,0.2185,8.52,0.98
Site2,10/25/2022,9:21:00 AM,10/25/2022 9:21,10,15.15,36.8816,0.0499,0.0989,0.2194,8.54,0.98
Site2,10/25/2022,9:26:00 AM,10/25/2022 9:26,10,15.15,36.8816,0.0499,0.0989,0.2194,8.54,0.98
Site2,10/25/2022,9:31:00 AM,10/25/2022 9:31,10,15.18,33.969,0.046,0.099,0.2199,8.39,0.98
Site2,10/25/2022,9:36:00 AM,10/25/2022 9:36,10,15.18,33.969,0.046,0.099,0.2199,8.39,0.98
Site2,10/25/2022,9:41:00 AM,10/25/2022 9:41,10,15.23,39.8771,0.054,0.0991,0.2206,8.37,0.98
Site2,10/25/2022,9:46:00 AM,10/25/2022 9:46,10,15.23,39.8771,0.054,0.0991,0.2206,8.37,0.98
Site2,10/25/2022,9:51:00 AM,10/25/2022 9:51,10,15.28,40.8243,0.0553,0.0992,0.2214,8.34,0.98
Site2,10/25/2022,9:56:00 AM,10/25/2022 9:56,10,15.28,40.8243,0.0553,0.0992,0.2214,8.34,0.98
Site2,10/25/2022,10:01:00 AM,10/25/2022 10:01,10,15.31,49.5149,0.067,0.0993,0.2219,8.3,0.98
Site2,10/25/2022,10:06:00 AM,10/25/2022 10:06,10,15.31,49.5149,0.067,0.0993,0.2219,8.3,0.98
Site2,10/25/2022,10:11:00 AM,10/25/2022 10:11,10,15.37,56.7136,0.0768,0.0995,0.2228,8.39,0.98
Site2,10/25/2022,10:16:00 AM,10/25/2022 10:16,10,15.37,56.7136,0.0768,0.0995,0.2228,8.39,0.98
Site2,10/25/2022,10:21:00 AM,10/25/2022 10:21,10,15.4,36.4317,0.0493,0.0995,0.2232,8.35,0.98
Site2,10/25/2022,10:26:00 AM,10/25/2022 10:26,10,15.4,36.4317,0.0493,0.0995,0.2232,8.35,0.98
Site2,10/25/2022,10:31:00 AM,10/25/2022 10:31,10,15.49,89.6998,0.1215,0.0997,0.2247,8.35,0.98
Site2,10/25/2022,10:36:00 AM,10/25/2022 10:36,10,15.49,89.6998,0.1215,0.0997,0.2247,8.35,0.98
Site2,10/25/2022,10:41:00 AM,10/25/2022 10:41,10,15.59,97.3248,0.1318,0.1,0.2262,8.54,0.98
Site2,10/25/2022,10:46:00 AM,10/25/2022 10:46,10,15.59,97.3248,0.1318,0.1,0.2262,8.54,0.98
Site2,10/25/2022,10:51:00 AM,10/25/2022 10:51,10,15.79,257.5437,0.3487,0.1005,0.2294,8.86,0.98
Site2,10/25/2022,10:56:00 AM,10/25/2022 10:56,10,15.79,257.5437,0.3487,0.1005,0.2294,8.86,0.98
Site2,10/25/2022,11:01:00 AM,10/25/2022 11:01,10,16.15,191.8554,0.2598,0.1013,0.2352,8.93,0.98
Site2,10/25/2022,11:06:00 AM,10/25/2022 11:06,10,16.15,191.8554,0.2598,0.1013,0.2352,8.93,0.98
Site2,10/25/2022,11:11:00 AM,10/25/2022 11:11,10,16.4,186.0301,0.2519,0.1019,0.2392,8.99,0.98
Site2,10/25/2022,11:16:00 AM,10/25/2022 11:16,10,16.4,186.0301,0.2519,0.1019,0.2392,8.99,0.98
Site2,10/25/2022,11:21:00 AM,10/25/2022 11:21,10,16.43,62.3258,0.0844,0.102,0.2398,8.76,0.98
Site2,10/25/2022,11:26:00 AM,10/25/2022 11:26,10,16.43,62.3258,0.0844,0.102,0.2398,8.76,0.98
Site2,10/25/2022,11:31:00 AM,10/25/2022 11:31,10,16.35,113.664,0.1539,0.1018,0.2384,8.56,0.98
Site2,10/25/2022,11:36:00 AM,10/25/2022 11:36,10,16.35,113.664,0.1539,0.1018,0.2384,8.56,0.98
Site2,10/25/2022,11:41:00 AM,10/25/2022 11:41,10,16.38,108.4544,0.1468,0.1019,0.239,8.59,0.98
Site2,10/25/2022,11:46:00 AM,10/25/2022 11:46,10,16.38,108.4544,0.1468,0.1019,0.239,8.59,0.98
Site2,10/25/2022,11:51:00 AM,10/25/2022 11:51,10,16.52,120.1997,0.1628,0.1022,0.2412,8.66,0.98
Site2,10/25/2022,11:56:00 AM,10/25/2022 11:56,10,16.52,120.1997,0.1628,0.1022,0.2412,8.66,0.98
Site2,10/25/2022,12:01:00 PM,10/25/2022 12:01,10,16.67,103.2448,0.1398,0.1026,0.2438,8.75,0.98
Site2,10/25/2022,12:06:00 PM,10/25/2022 12:06,10,16.67,103.2448,0.1398,0.1026,0.2438,8.75,0.98
Site2,10/25/2022,12:11:00 PM,10/25/2022 12:11,10,16.82,149.4682,0.2024,0.103,0.2464,8.83,0.98
Site2,10/25/2022,12:16:00 PM,10/25/2022 12:16,10,16.82,149.4682,0.2024,0.103,0.2464,8.83,0.98
Site2,10/25/2022,12:21:00 PM,10/25/2022 12:21,10,16.94,135.5443,0.1835,0.1032,0.2484,9.02,0.98
Site2,10/25/2022,12:26:00 PM,10/25/2022 12:26,10,16.94,135.5443,0.1835,0.1032,0.2484,9.02,0.98
Site2,10/25/2022,12:31:00 PM,10/25/2022 12:31,10,16.99,53.4221,0.0723,0.1034,0.2493,8.83,0.98
Site2,10/25/2022,12:36:00 PM,10/25/2022 12:36,10,16.99,53.4221,0.0723,0.1034,0.2493,8.83,0.98
Site2,10/25/2022,12:41:00 PM,10/25/2022 12:41,10,16.91,35.6384,0.0483,0.1032,0.2479,8.57,0.98
Site2,10/25/2022,12:46:00 PM,10/25/2022 12:46,10,16.91,35.6384,0.0483,0.1032,0.2479,8.57,0.98
Site2,10/25/2022,12:51:00 PM,10/25/2022 12:51,10,16.82,28.937,0.0392,0.103,0.2464,8.31,0.98
Site2,10/25/2022,12:56:00 PM,10/25/2022 12:56,10,16.82,28.937,0.0392,0.103,0.2464,8.31,0.98
Site2,10/25/2022,1:01:00 PM,10/25/2022 13:01,10,16.75,21.1995,0.0287,0.1028,0.2451,8.12,0.98
Site2,10/25/2022,1:06:00 PM,10/25/2022 13:06,10,16.75,21.1995,0.0287,0.1028,0.2451,8.12,0.98
Site2,10/25/2022,1:11:00 PM,10/25/2022 13:11,10,16.75,50.9357,0.069,0.1028,0.2451,7.97,0.98
Site2,10/25/2022,1:16:00 PM,10/25/2022 13:16,10,16.75,50.9357,0.069,0.1028,0.2451,7.97,0.98
Site2,10/25/2022,1:21:00 PM,10/25/2022 13:21,10,16.75,39.368,0.0533,0.1028,0.2451,8.02,0.98
Site2,10/25/2022,1:26:00 PM,10/25/2022 13:26,10,16.75,39.368,0.0533,0.1028,0.2451,8.02,0.98
Site2,10/25/2022,1:31:00 PM,10/25/2022 13:31,10,16.84,76.6758,0.1038,0.103,0.2467,8.17,0.98
Site2,10/25/2022,1:36:00 PM,10/25/2022 13:36,10,16.84,76.6758,0.1038,0.103,0.2467,8.17,0.98
Site2,10/25/2022,1:41:00 PM,10/25/2022 13:41,10,16.87,60.6445,0.0821,0.1031,0.2473,8.33,0.98
Site2,10/25/2022,1:46:00 PM,10/25/2022 13:46,10,16.87,60.6445,0.0821,0.1031,0.2473,8.33,0.98
Site2,10/25/2022,1:51:00 PM,10/25/2022 13:51,10,16.87,15.321,0.0207,0.1031,0.2473,8.26,0.98
Site2,10/25/2022,1:56:00 PM,10/25/2022 13:56,10,16.87,15.321,0.0207,0.1031,0.2473,8.26,0.98
Site2,10/25/2022,2:01:00 PM,10/25/2022 14:01,10,16.86,27.4214,0.0371,0.103,0.247,7.96,0.98
Site2,10/25/2022,2:06:00 PM,10/25/2022 14:06,10,16.86,27.4214,0.0371,0.103,0.247,7.96,0.98
Site2,10/25/2022,2:11:00 PM,10/25/2022 14:11,10,16.85,36.8461,0.0499,0.103,0.2468,7.68,0.98
Site2,10/25/2022,2:16:00 PM,10/25/2022 14:16,10,16.85,36.8461,0.0499,0.103,0.2468,7.68,0.98
Site2,10/25/2022,2:21:00 PM,10/25/2022 14:21,10,16.86,18.9381,0.0256,0.103,0.247,7.61,0.98
Site2,10/25/2022,2:26:00 PM,10/25/2022 14:26,10,16.86,18.9381,0.0256,0.103,0.247,7.61,0.98
Site2,10/25/2022,2:31:00 PM,10/25/2022 14:31,10,16.85,18.9262,0.0256,0.103,0.2468,7.56,0.98
Site2,10/25/2022,2:36:00 PM,10/25/2022 14:36,10,16.85,18.9262,0.0256,0.103,0.2468,7.56,0.98
Site2,10/25/2022,2:41:00 PM,10/25/2022 14:41,10,16.87,12.136,0.0164,0.1031,0.2471,7.5,0.98
Site2,10/25/2022,2:46:00 PM,10/25/2022 14:46,10,16.87,12.136,0.0164,0.1031,0.2471,7.5,0.98
Site2,10/25/2022,2:51:00 PM,10/25/2022 14:51,10,16.84,5.5263,0.0075,0.103,0.2467,7.43,0.98
Site2,10/25/2022,2:56:00 PM,10/25/2022 14:56,10,16.84,5.5263,0.0075,0.103,0.2467,7.43,0.98
Site2,10/25/2022,3:01:00 PM,10/25/2022 15:01,10,16.82,5.3443,0.0072,0.103,0.2464,7.27,0.98
Site2,10/25/2022,3:06:00 PM,10/25/2022 15:06,10,16.82,5.3443,0.0072,0.103,0.2464,7.27,0.98
Site2,10/25/2022,3:11:00 PM,10/25/2022 15:11,10,16.78,3.2545,0.0044,0.1029,0.2457,7.13,0.98
Site2,10/25/2022,3:16:00 PM,10/25/2022 15:16,10,16.78,3.2545,0.0044,0.1029,0.2457,7.13,0.98
Site2,10/25/2022,3:21:00 PM,10/25/2022 15:21,10,16.76,3.2249,0.0044,0.1028,0.2454,7.07,0.98
Site2,10/25/2022,3:26:00 PM,10/25/2022 15:26,10,16.76,3.2249,0.0044,0.1028,0.2454,7.07,0.98
Site2,10/25/2022,3:31:00 PM,10/25/2022 15:31,10,16.76,2.8009,0.0038,0.1028,0.2454,7.17,0.98
Site2,10/25/2022,3:36:00 PM,10/25/2022 15:36,10,16.76,2.8009,0.0038,0.1028,0.2454,7.17,0.98
Site2,10/25/2022,3:41:00 PM,10/25/2022 15:41,10,16.78,1.9765,0.0027,0.1029,0.2457,7.47,0.98
Site2,10/25/2022,3:46:00 PM,10/25/2022 15:46,10,16.78,1.9765,0.0027,0.1029,0.2457,7.47,0.98
Site2,10/25/2022,3:51:00 PM,10/25/2022 15:51,10,16.77,5.1312,0.0069,0.1028,0.2455,7.46,0.98
Site2,10/25/2022,3:56:00 PM,10/25/2022 15:56,10,16.77,5.1312,0.0069,0.1028,0.2455,7.46,0.98
Site2,10/25/2022,4:01:00 PM,10/25/2022 16:01,10,16.76,3.4854,0.0047,0.1028,0.2452,7.54,0.98
Site2,10/25/2022,4:06:00 PM,10/25/2022 16:06,10,16.76,3.4854,0.0047,0.1028,0.2452,7.54,0.98
Site2,10/25/2022,4:11:00 PM,10/25/2022 16:11,10,16.76,5.4701,0.0074,0.1028,0.2454,7.57,0.98
Site2,10/25/2022,4:16:00 PM,10/25/2022 16:16,10,16.76,5.4701,0.0074,0.1028,0.2454,7.57,0.98
Site2,10/25/2022,4:21:00 PM,10/25/2022 16:21,10,16.76,10.9846,0.0149,0.1028,0.2454,7.53,0.98
Site2,10/25/2022,4:26:00 PM,10/25/2022 16:26,10,16.76,10.9846,0.0149,0.1028,0.2454,7.53,0.98
Site2,10/25/2022,4:31:00 PM,10/25/2022 16:31,10,16.76,19.4886,0.0264,0.1028,0.2454,7.47,0.98
Site2,10/25/2022,4:36:00 PM,10/25/2022 16:36,10,16.76,19.4886,0.0264,0.1028,0.2454,7.47,0.98
Site2,10/25/2022,4:41:00 PM,10/25/2022 16:41,10,16.81,24.4496,0.0331,0.1029,0.2461,7.43,0.98
Site2,10/25/2022,4:46:00 PM,10/25/2022 16:46,10,16.81,24.4496,0.0331,0.1029,0.2461,7.43,0.98
Site2,10/25/2022,4:51:00 PM,10/25/2022 16:51,10,16.88,20.9864,0.0284,0.1031,0.2474,7.49,0.98
Site2,10/25/2022,4:56:00 PM,10/25/2022 16:56,10,16.88,20.9864,0.0284,0.1031,0.2474,7.49,0.98
Site2,10/25/2022,5:01:00 PM,10/25/2022 17:01,10,16.92,15.4453,0.0209,0.1032,0.248,7.52,0.98
Site2,10/25/2022,5:06:00 PM,10/25/2022 17:06,10,16.92,15.4453,0.0209,0.1032,0.248,7.52,0.98
Site2,10/25/2022,5:11:00 PM,10/25/2022 17:11,10,16.89,8.6225,0.0117,0.1031,0.2476,7.43,0.98
Site2,10/25/2022,5:16:00 PM,10/25/2022 17:16,10,16.89,8.6225,0.0117,0.1031,0.2476,7.43,0.98
Site2,10/25/2022,5:21:00 PM,10/25/2022 17:21,10,16.76,5.4508,0.0074,0.1028,0.2452,7.3,0.98
Site2,10/25/2022,5:26:00 PM,10/25/2022 17:26,10,16.76,5.4508,0.0074,0.1028,0.2452,7.3,0.98
Site2,10/25/2022,5:31:00 PM,10/25/2022 17:31,10,16.69,3.8184,0.0052,0.1026,0.2441,7.19,0.98
Site2,10/25/2022,5:36:00 PM,10/25/2022 17:36,10,16.69,3.8184,0.0052,0.1026,0.2441,7.19,0.98
Site2,10/25/2022,5:41:00 PM,10/25/2022 17:41,10,16.61,2.4812,0.0034,0.1024,0.2428,7.12,0.98
Site2,10/25/2022,5:46:00 PM,10/25/2022 17:46,10,16.61,2.4812,0.0034,0.1024,0.2428,7.12,0.98
Site2,10/25/2022,5:51:00 PM,10/25/2022 17:51,10,16.56,1.0763,0.0015,0.1023,0.242,7.08,0.98
Site2,10/25/2022,5:56:00 PM,10/25/2022 17:56,10,16.56,1.0763,0.0015,0.1023,0.242,7.08,0.98
Site2,10/25/2022,6:01:00 PM,10/25/2022 18:01,10,16.48,0.3193,0.0004,0.1021,0.2407,7.02,0.98
Site2,10/25/2022,6:06:00 PM,10/25/2022 18:06,10,16.48,0.3193,0.0004,0.1021,0.2407,7.02,0.98
Site2,10/25/2022,6:11:00 PM,10/25/2022 18:11,10,16.43,0.0416,0.0001,0.102,0.2398,6.98,0.98
Site2,10/25/2022,6:16:00 PM,10/25/2022 18:16,10,16.43,0.0416,0.0001,0.102,0.2398,6.98,0.98
Site2,10/25/2022,6:21:00 PM,10/25/2022 18:21,10,16.36,0,0,0.1018,0.2387,6.96,0.98
Site2,10/25/2022,6:26:00 PM,10/25/2022 18:26,10,16.36,0,0,0.1018,0.2387,6.96,0.98
Site2,10/25/2022,6:31:00 PM,10/25/2022 18:31,10,16.33,0,0,0.1018,0.2381,6.98,0.98
Site2,10/25/2022,6:36:00 PM,10/25/2022 18:36,10,16.33,0,0,0.1018,0.2381,6.98,0.98
Site2,10/25/2022,6:41:00 PM,10/25/2022 18:41,10,16.28,0,0,0.1016,0.2373,7.01,0.98
Site2,10/25/2022,6:46:00 PM,10/25/2022 18:46,10,16.28,0,0,0.1016,0.2373,7.01,0.98
Site2,10/25/2022,6:51:00 PM,10/25/2022 18:51,10,16.24,0,0,0.1015,0.2366,7,0.98
Site2,10/25/2022,6:56:00 PM,10/25/2022 18:56,10,16.24,0,0,0.1015,0.2366,7,0.98
Site2,10/25/2022,7:01:00 PM,10/25/2022 19:01,10,16.22,0,0,0.1015,0.2363,7.08,0.98
Site2,10/25/2022,7:06:00 PM,10/25/2022 19:06,10,16.22,0,0,0.1015,0.2363,7.08,0.98
Site2,10/25/2022,7:11:00 PM,10/25/2022 19:11,10,16.24,0,0,0.1015,0.2366,7.16,0.98
Site2,10/25/2022,7:16:00 PM,10/25/2022 19:16,10,16.24,0,0,0.1015,0.2366,7.16,0.98
Site2,10/25/2022,7:21:00 PM,10/25/2022 19:21,10,16.21,0,0,0.1015,0.2362,7.17,0.98
Site2,10/25/2022,7:26:00 PM,10/25/2022 19:26,10,16.21,0,0,0.1015,0.2362,7.17,0.98
Site2,10/25/2022,7:31:00 PM,10/25/2022 19:31,10,16.2,0,0,0.1014,0.236,7.29,0.98
Site2,10/25/2022,7:36:00 PM,10/25/2022 19:36,10,16.2,0,0,0.1014,0.236,7.29,0.98
Site2,10/25/2022,7:41:00 PM,10/25/2022 19:41,10,16.15,0,0,0.1013,0.2352,7.33,0.98
Site2,10/25/2022,7:46:00 PM,10/25/2022 19:46,10,16.15,0,0,0.1013,0.2352,7.33,0.98
Site2,10/25/2022,7:51:00 PM,10/25/2022 19:51,10,16.16,0,0,0.1013,0.2353,7.37,0.98
Site2,10/25/2022,7:56:00 PM,10/25/2022 19:56,10,16.16,0,0,0.1013,0.2353,7.37,0.98
Site2,10/25/2022,8:01:00 PM,10/25/2022 20:01,10,16.15,0,0,0.1013,0.2352,7.4,0.98
Site2,10/25/2022,8:06:00 PM,10/25/2022 20:06,10,16.15,0,0,0.1013,0.2352,7.4,0.98
Site2,10/25/2022,8:11:00 PM,10/25/2022 20:11,10,16.11,0,0,0.1012,0.2345,7.4,0.98
Site2,10/25/2022,8:16:00 PM,10/25/2022 20:16,10,16.11,0,0,0.1012,0.2345,7.4,0.98
Site2,10/25/2022,8:21:00 PM,10/25/2022 20:21,10,16.05,0,0,0.1011,0.2335,7.45,0.98
Site2,10/25/2022,8:26:00 PM,10/25/2022 20:26,10,16.05,0,0,0.1011,0.2335,7.45,0.98
Site2,10/25/2022,8:31:00 PM,10/25/2022 20:31,10,15.98,0,0,0.1009,0.2324,7.46,0.98
Site2,10/25/2022,8:36:00 PM,10/25/2022 20:36,10,15.98,0,0,0.1009,0.2324,7.46,0.98
Site2,10/25/2022,8:41:00 PM,10/25/2022 20:41,10,15.91,0,0,0.1007,0.2313,7.48,0.98
Site2,10/25/2022,8:46:00 PM,10/25/2022 20:46,10,15.91,0,0,0.1007,0.2313,7.48,0.98
Site2,10/25/2022,8:51:00 PM,10/25/2022 20:51,10,15.81,0,0,0.1005,0.2297,7.52,0.98
Site2,10/25/2022,8:56:00 PM,10/25/2022 20:56,10,15.81,0,0,0.1005,0.2297,7.52,0.98
Site2,10/25/2022,9:01:00 PM,10/25/2022 21:01,10,15.8,0,0,0.1005,0.2296,7.54,0.98
Site2,10/25/2022,9:06:00 PM,10/25/2022 21:06,10,15.8,0,0,0.1005,0.2296,7.54,0.98
Site2,10/25/2022,9:11:00 PM,10/25/2022 21:11,10,15.73,0,0,0.1003,0.2285,7.56,0.98
Site2,10/25/2022,9:16:00 PM,10/25/2022 21:16,10,15.73,0,0,0.1003,0.2285,7.56,0.98
Site2,10/25/2022,9:21:00 PM,10/25/2022 21:21,10,15.68,0,0,0.1002,0.2276,7.57,0.98
Site2,10/25/2022,9:26:00 PM,10/25/2022 21:26,10,15.68,0,0,0.1002,0.2276,7.57,0.98
Site2,10/25/2022,9:31:00 PM,10/25/2022 21:31,10,15.58,0,0,0.0999,0.226,7.59,0.98
Site2,10/25/2022,9:36:00 PM,10/25/2022 21:36,10,15.58,0,0,0.0999,0.226,7.59,0.98
Site2,10/25/2022,9:41:00 PM,10/25/2022 21:41,10,15.49,0,0,0.0997,0.2247,7.63,0.98
Site2,10/25/2022,9:46:00 PM,10/25/2022 21:46,10,15.49,0,0,0.0997,0.2247,7.63,0.98
Site2,10/25/2022,9:51:00 PM,10/25/2022 21:51,10,15.47,0,0,0.0997,0.2243,7.65,0.98
Site2,10/25/2022,9:56:00 PM,10/25/2022 21:56,10,15.47,0,0,0.0997,0.2243,7.65,0.98
Site2,10/25/2022,10:01:00 PM,10/25/2022 22:01,10,15.39,0,0,0.0995,0.2231,7.68,0.98
Site2,10/25/2022,10:06:00 PM,10/25/2022 22:06,10,15.39,0,0,0.0995,0.2231,7.68,0.98
Site2,10/25/2022,10:11:00 PM,10/25/2022 22:11,10,15.29,0,0,0.0993,0.2215,7.74,0.98
Site2,10/25/2022,10:16:00 PM,10/25/2022 22:16,10,15.29,0,0,0.0993,0.2215,7.74,0.98
Site2,10/25/2022,10:21:00 PM,10/25/2022 22:21,10,15.21,0,0,0.0991,0.2203,7.76,0.98
Site2,10/25/2022,10:26:00 PM,10/25/2022 22:26,10,15.21,0,0,0.0991,0.2203,7.76,0.98
Site2,10/25/2022,10:31:00 PM,10/25/2022 22:31,10,15.15,0,0,0.0989,0.2194,7.78,0.98
Site2,10/25/2022,10:36:00 PM,10/25/2022 22:36,10,15.15,0,0,0.0989,0.2194,7.78,0.98
Site2,10/25/2022,10:41:00 PM,10/25/2022 22:41,10,15.1,0,0,0.0988,0.2186,7.79,0.98
Site2,10/25/2022,10:46:00 PM,10/25/2022 22:46,10,15.1,0,0,0.0988,0.2186,7.79,0.98
Site2,10/25/2022,10:51:00 PM,10/25/2022 22:51,10,15.07,0,0,0.0987,0.2182,7.8,0.98
Site2,10/25/2022,10:56:00 PM,10/25/2022 22:56,10,15.07,0,0,0.0987,0.2182,7.8,0.98
Site2,10/25/2022,11:01:00 PM,10/25/2022 23:01,10,15.04,0,0,0.0987,0.2177,7.84,0.98
Site2,10/25/2022,11:06:00 PM,10/25/2022 23:06,10,15.04,0,0,0.0987,0.2177,7.84,0.98
Site2,10/25/2022,11:11:00 PM,10/25/2022 23:11,10,15,0,0,0.0986,0.2172,7.84,0.98
Site2,10/25/2022,11:16:00 PM,10/25/2022 23:16,10,15,0,0,0.0986,0.2172,7.84,0.98
Site2,10/25/2022,11:21:00 PM,10/25/2022 23:21,10,14.94,0,0,0.0984,0.2163,7.84,0.98
Site2,10/25/2022,11:26:00 PM,10/25/2022 23:26,10,14.94,0,0,0.0984,0.2163,7.84,0.98
Site2,10/25/2022,11:31:00 PM,10/25/2022 23:31,10,14.91,0,0,0.0984,0.2158,7.86,0.98
Site2,10/25/2022,11:36:00 PM,10/25/2022 23:36,10,14.91,0,0,0.0984,0.2158,7.86,0.98
Site2,10/25/2022,11:41:00 PM,10/25/2022 23:41,10,14.87,0,0,0.0983,0.2151,7.88,0.98
Site2,10/25/2022,11:46:00 PM,10/25/2022 23:46,10,14.87,0,0,0.0983,0.2151,7.88,0.98
Site2,10/25/2022,11:51:00 PM,10/25/2022 23:51,10,14.79,0,0,0.0981,0.214,7.9,0.98
Site2,10/25/2022,11:56:00 PM,10/25/2022 23:56,10,14.79,0,0,0.0981,0.214,7.9,0.98
Site2,10/26/2022,12:01:00 AM,10/26/2022 0:01,10,14.72,0,0,0.0681,0.1434,7.91,0.99
Site2,10/26/2022,12:06:00 AM,10/26/2022 0:06,10,14.72,0,0,0.0681,0.1434,7.91,0.99
Site2,10/26/2022,12:11:00 AM,10/26/2022 0:11,10,14.69,0,0,0.068,0.1431,7.93,0.99
Site2,10/26/2022,12:16:00 AM,10/26/2022 0:16,10,14.69,0,0,0.068,0.1431,7.93,0.99
Site2,10/26/2022,12:21:00 AM,10/26/2022 0:21,10,14.62,0,0,0.0679,0.1425,7.92,0.99
Site2,10/26/2022,12:26:00 AM,10/26/2022 0:26,10,14.62,0,0,0.0679,0.1425,7.92,0.99
Site2,10/26/2022,12:31:00 AM,10/26/2022 0:31,10,14.53,0,0,0.0678,0.1416,7.97,0.99
Site2,10/26/2022,12:36:00 AM,10/26/2022 0:36,10,14.53,0,0,0.0678,0.1416,7.97,0.99
Site2,10/26/2022,12:41:00 AM,10/26/2022 0:41,10,14.43,0,0,0.0676,0.1405,7.99,0.99
Site2,10/26/2022,12:46:00 AM,10/26/2022 0:46,10,14.43,0,0,0.0676,0.1405,7.99,0.99
Site2,10/26/2022,12:51:00 AM,10/26/2022 0:51,10,14.37,0,0,0.0675,0.14,7.99,0.99
Site2,10/26/2022,12:56:00 AM,10/26/2022 0:56,10,14.37,0,0,0.0675,0.14,7.99,0.99
Site2,10/26/2022,1:01:00 AM,10/26/2022 1:01,10,14.3,0,0,0.0674,0.1393,8,0.99
Site2,10/26/2022,1:06:00 AM,10/26/2022 1:06,10,14.3,0,0,0.0674,0.1393,8,0.99
Site2,10/26/2022,1:11:00 AM,10/26/2022 1:11,10,14.26,0,0,0.0674,0.139,8.02,0.99
Site2,10/26/2022,1:16:00 AM,10/26/2022 1:16,10,14.26,0,0,0.0674,0.139,8.02,0.99
Site2,10/26/2022,1:21:00 AM,10/26/2022 1:21,10,14.21,0,0,0.0673,0.1385,8.02,0.99
Site2,10/26/2022,1:26:00 AM,10/26/2022 1:26,10,14.21,0,0,0.0673,0.1385,8.02,0.99
Site2,10/26/2022,1:31:00 AM,10/26/2022 1:31,10,14.12,0,0,0.0671,0.1376,8.02,0.99
Site2,10/26/2022,1:36:00 AM,10/26/2022 1:36,10,14.12,0,0,0.0671,0.1376,8.02,0.99
Site2,10/26/2022,1:41:00 AM,10/26/2022 1:41,10,14.03,0,0,0.067,0.1367,8.04,0.99
Site2,10/26/2022,1:46:00 AM,10/26/2022 1:46,10,14.03,0,0,0.067,0.1367,8.04,0.99
Site2,10/26/2022,1:51:00 AM,10/26/2022 1:51,10,13.97,0,0,0.0669,0.1362,8.06,0.99
Site2,10/26/2022,1:56:00 AM,10/26/2022 1:56,10,13.97,0,0,0.0669,0.1362,8.06,0.99
Site2,10/26/2022,2:01:00 AM,10/26/2022 2:01,10,13.91,0,0,0.0668,0.1356,8.07,0.99
Site2,10/26/2022,2:06:00 AM,10/26/2022 2:06,10,13.91,0,0,0.0668,0.1356,8.07,0.99
Site2,10/26/2022,2:11:00 AM,10/26/2022 2:11,10,13.8,0,0,0.0666,0.1346,8.09,0.99
Site2,10/26/2022,2:16:00 AM,10/26/2022 2:16,10,13.8,0,0,0.0666,0.1346,8.09,0.99
Site2,10/26/2022,2:21:00 AM,10/26/2022 2:21,10,13.77,0,0,0.0666,0.1343,8.11,0.99
Site2,10/26/2022,2:26:00 AM,10/26/2022 2:26,10,13.77,0,0,0.0666,0.1343,8.11,0.99
Site2,10/26/2022,2:31:00 AM,10/26/2022 2:31,10,13.69,0,0,0.0664,0.1335,8.11,0.99
Site2,10/26/2022,2:36:00 AM,10/26/2022 2:36,10,13.69,0,0,0.0664,0.1335,8.11,0.99
Site2,10/26/2022,2:41:00 AM,10/26/2022 2:41,10,13.63,0,0,0.0663,0.133,8.14,0.99
Site2,10/26/2022,2:46:00 AM,10/26/2022 2:46,10,13.63,0,0,0.0663,0.133,8.14,0.99
Site2,10/26/2022,2:51:00 AM,10/26/2022 2:51,10,13.57,0,0,0.0663,0.1325,8.16,0.99
Site2,10/26/2022,2:56:00 AM,10/26/2022 2:56,10,13.57,0,0,0.0663,0.1325,8.16,0.99
Site2,10/26/2022,3:01:00 AM,10/26/2022 3:01,10,13.5,0,0,0.0661,0.1318,8.17,0.99
Site2,10/26/2022,3:06:00 AM,10/26/2022 3:06,10,13.5,0,0,0.0661,0.1318,8.17,0.99
Site2,10/26/2022,3:11:00 AM,10/26/2022 3:11,10,13.47,0,0,0.0661,0.1315,8.15,0.99
Site2,10/26/2022,3:16:00 AM,10/26/2022 3:16,10,13.47,0,0,0.0661,0.1315,8.15,0.99
Site2,10/26/2022,3:21:00 AM,10/26/2022 3:21,10,13.42,0,0,0.066,0.1311,8.21,0.99
Site2,10/26/2022,3:26:00 AM,10/26/2022 3:26,10,13.42,0,0,0.066,0.1311,8.21,0.99
Site2,10/26/2022,3:31:00 AM,10/26/2022 3:31,10,13.39,0,0,0.066,0.1308,8.22,0.99
Site2,10/26/2022,3:36:00 AM,10/26/2022 3:36,10,13.39,0,0,0.066,0.1308,8.22,0.99
Site2,10/26/2022,3:41:00 AM,10/26/2022 3:41,10,13.34,0,0,0.0659,0.1303,8.23,0.99
Site2,10/26/2022,3:46:00 AM,10/26/2022 3:46,10,13.34,0,0,0.0659,0.1303,8.23,0.99
Site2,10/26/2022,3:51:00 AM,10/26/2022 3:51,10,13.28,0,0,0.0658,0.1298,8.25,0.99
Site2,10/26/2022,3:56:00 AM,10/26/2022 3:56,10,13.28,0,0,0.0658,0.1298,8.25,0.99
Site2,10/26/2022,4:01:00 AM,10/26/2022 4:01,10,13.25,0,0,0.0658,0.1295,8.25,0.99
Site2,10/26/2022,4:06:00 AM,10/26/2022 4:06,10,13.25,0,0,0.0658,0.1295,8.25,0.99
Site2,10/26/2022,4:11:00 AM,10/26/2022 4:11,10,13.18,0,0,0.0656,0.1289,8.27,0.99
Site2,10/26/2022,4:16:00 AM,10/26/2022 4:16,10,13.18,0,0,0.0656,0.1289,8.27,0.99
Site2,10/26/2022,4:21:00 AM,10/26/2022 4:21,10,13.15,0,0,0.0656,0.1286,8.26,0.99
Site2,10/26/2022,4:26:00 AM,10/26/2022 4:26,10,13.15,0,0,0.0656,0.1286,8.26,0.99
Site2,10/26/2022,4:31:00 AM,10/26/2022 4:31,10,13.07,0,0,0.0655,0.1279,8.31,0.99
Site2,10/26/2022,4:36:00 AM,10/26/2022 4:36,10,13.07,0,0,0.0655,0.1279,8.31,0.99
Site2,10/26/2022,4:41:00 AM,10/26/2022 4:41,10,13.05,0,0,0.0654,0.1278,8.29,0.99
Site2,10/26/2022,4:46:00 AM,10/26/2022 4:46,10,13.05,0,0,0.0654,0.1278,8.29,0.99
Site2,10/26/2022,4:51:00 AM,10/26/2022 4:51,10,13,0,0,0.0654,0.1273,8.31,0.99
Site2,10/26/2022,4:56:00 AM,10/26/2022 4:56,10,13,0,0,0.0654,0.1273,8.31,0.99
Site2,10/26/2022,5:01:00 AM,10/26/2022 5:01,10,12.98,0,0,0.0653,0.1271,8.31,0.99
Site2,10/26/2022,5:06:00 AM,10/26/2022 5:06,10,12.98,0,0,0.0653,0.1271,8.31,0.99
Site2,10/26/2022,5:11:00 AM,10/26/2022 5:11,10,12.95,0,0,0.0653,0.1269,8.3,0.99
Site2,10/26/2022,5:16:00 AM,10/26/2022 5:16,10,12.95,0,0,0.0653,0.1269,8.3,0.99
Site2,10/26/2022,5:21:00 AM,10/26/2022 5:21,10,12.91,0,0,0.0652,0.1265,8.32,0.99
Site2,10/26/2022,5:26:00 AM,10/26/2022 5:26,10,12.91,0,0,0.0652,0.1265,8.32,0.99
Site2,10/26/2022,5:31:00 AM,10/26/2022 5:31,10,12.9,0,0,0.0652,0.1264,8.36,0.99
Site2,10/26/2022,5:36:00 AM,10/26/2022 5:36,10,12.9,0,0,0.0652,0.1264,8.36,0.99
Site2,10/26/2022,5:41:00 AM,10/26/2022 5:41,10,12.87,0,0,0.0652,0.1262,8.35,0.99
Site2,10/26/2022,5:46:00 AM,10/26/2022 5:46,10,12.87,0,0,0.0652,0.1262,8.35,0.99
Site2,10/26/2022,5:51:00 AM,10/26/2022 5:51,10,12.83,0,0,0.0651,0.1258,8.38,0.99
Site2,10/26/2022,5:56:00 AM,10/26/2022 5:56,10,12.83,0,0,0.0651,0.1258,8.38,0.99
Site2,10/26/2022,6:01:00 AM,10/26/2022 6:01,10,12.79,0,0,0.065,0.1254,8.39,0.99
Site2,10/26/2022,6:06:00 AM,10/26/2022 6:06,10,12.79,0,0,0.065,0.1254,8.39,0.99
Site2,10/26/2022,6:11:00 AM,10/26/2022 6:11,10,12.74,0,0,0.065,0.1251,8.4,0.99
Site2,10/26/2022,6:16:00 AM,10/26/2022 6:16,10,12.74,0,0,0.065,0.1251,8.4,0.99
Site2,10/26/2022,6:21:00 AM,10/26/2022 6:21,10,12.71,0,0,0.0649,0.1248,8.41,0.99
Site2,10/26/2022,6:26:00 AM,10/26/2022 6:26,10,12.71,0,0,0.0649,0.1248,8.41,0.99
Site2,10/26/2022,6:31:00 AM,10/26/2022 6:31,10,12.66,0,0,0.0648,0.1244,8.41,0.99
Site2,10/26/2022,6:36:00 AM,10/26/2022 6:36,10,12.66,0,0,0.0648,0.1244,8.41,0.99
Site2,10/26/2022,6:41:00 AM,10/26/2022 6:41,10,12.66,0.0226,0,0.0648,0.1244,8.41,0.99
Site2,10/26/2022,6:46:00 AM,10/26/2022 6:46,10,12.66,0.0226,0,0.0648,0.1244,8.41,0.99
Site2,10/26/2022,6:51:00 AM,10/26/2022 6:51,10,12.63,0.2124,0.0002,0.0648,0.1241,8.43,0.99
Site2,10/26/2022,6:56:00 AM,10/26/2022 6:56,10,12.63,0.2124,0.0002,0.0648,0.1241,8.43,0.99
Site2,10/26/2022,7:01:00 AM,10/26/2022 7:01,10,12.58,0.6582,0.0007,0.0647,0.1237,8.46,0.99
Site2,10/26/2022,7:06:00 AM,10/26/2022 7:06,10,12.58,0.6582,0.0007,0.0647,0.1237,8.46,0.99
Site2,10/26/2022,7:11:00 AM,10/26/2022 7:11,10,12.57,1.3845,0.0015,0.0647,0.1236,8.48,0.99
Site2,10/26/2022,7:16:00 AM,10/26/2022 7:16,10,12.57,1.3845,0.0015,0.0647,0.1236,8.48,0.99
Site2,10/26/2022,7:21:00 AM,10/26/2022 7:21,10,12.56,2.3451,0.0025,0.0647,0.1235,8.48,0.99
Site2,10/26/2022,7:26:00 AM,10/26/2022 7:26,10,12.56,2.3451,0.0025,0.0647,0.1235,8.48,0.99
Site2,10/26/2022,7:31:00 AM,10/26/2022 7:31,10,12.53,3.9472,0.0041,0.0646,0.1232,8.49,0.99
Site2,10/26/2022,7:36:00 AM,10/26/2022 7:36,10,12.53,3.9472,0.0041,0.0646,0.1232,8.49,0.99
Site2,10/26/2022,7:41:00 AM,10/26/2022 7:41,10,12.49,5.439,0.0057,0.0646,0.1229,8.55,0.99
Site2,10/26/2022,7:46:00 AM,10/26/2022 7:46,10,12.49,5.439,0.0057,0.0646,0.1229,8.55,0.99
Site2,10/26/2022,7:51:00 AM,10/26/2022 7:51,10,12.47,7.2964,0.0077,0.0645,0.1227,8.59,0.99
Site2,10/26/2022,7:56:00 AM,10/26/2022 7:56,10,12.47,7.2964,0.0077,0.0645,0.1227,8.59,0.99
Site2,10/26/2022,8:01:00 AM,10/26/2022 8:01,10,12.45,9.5845,0.0101,0.0645,0.1226,8.64,0.99
Site2,10/26/2022,8:06:00 AM,10/26/2022 8:06,10,12.45,9.5845,0.0101,0.0645,0.1226,8.64,0.99
Site2,10/26/2022,8:11:00 AM,10/26/2022 8:11,10,12.46,11.917,0.0125,0.0645,0.1226,8.7,0.99
Site2,10/26/2022,8:16:00 AM,10/26/2022 8:16,10,12.46,11.917,0.0125,0.0645,0.1226,8.7,0.99
Site2,10/26/2022,8:21:00 AM,10/26/2022 8:21,10,12.42,19.3643,0.0203,0.0645,0.1223,8.76,0.99
Site2,10/26/2022,8:26:00 AM,10/26/2022 8:26,10,12.42,19.3643,0.0203,0.0645,0.1223,8.76,0.99
Site2,10/26/2022,8:31:00 AM,10/26/2022 8:31,10,12.43,29.4579,0.0309,0.0645,0.1224,8.84,0.99
Site2,10/26/2022,8:36:00 AM,10/26/2022 8:36,10,12.43,29.4579,0.0309,0.0645,0.1224,8.84,0.99
Site2,10/26/2022,8:41:00 AM,10/26/2022 8:41,10,12.43,31.0326,0.0326,0.0645,0.1224,8.94,0.99
Site2,10/26/2022,8:46:00 AM,10/26/2022 8:46,10,12.43,31.0326,0.0326,0.0645,0.1224,8.94,0.99
Site2,10/26/2022,8:51:00 AM,10/26/2022 8:51,10,12.42,26.119,0.0274,0.0645,0.1223,9.04,0.99
Site2,10/26/2022,8:56:00 AM,10/26/2022 8:56,10,12.42,26.119,0.0274,0.0645,0.1223,9.04,0.99
Site2,10/26/2022,9:01:00 AM,10/26/2022 9:01,10,12.46,28.9014,0.0303,0.0645,0.1226,9.06,0.99
Site2,10/26/2022,9:06:00 AM,10/26/2022 9:06,10,12.46,28.9014,0.0303,0.0645,0.1226,9.06,0.99
Site2,10/26/2022,9:11:00 AM,10/26/2022 9:11,10,12.43,27.161,0.0285,0.0645,0.1224,9.1,0.99
Site2,10/26/2022,9:16:00 AM,10/26/2022 9:16,10,12.43,27.161,0.0285,0.0645,0.1224,9.1,0.99
Site2,10/26/2022,9:21:00 AM,10/26/2022 9:21,10,12.42,34.3715,0.0361,0.0645,0.1223,9.11,0.99
Site2,10/26/2022,9:26:00 AM,10/26/2022 9:26,10,12.42,34.3715,0.0361,0.0645,0.1223,9.11,0.99
Site2,10/26/2022,9:31:00 AM,10/26/2022 9:31,10,12.43,33.4006,0.0351,0.0645,0.1224,9.15,0.99
Site2,10/26/2022,9:36:00 AM,10/26/2022 9:36,10,12.43,33.4006,0.0351,0.0645,0.1224,9.15,0.99
Site2,10/26/2022,9:41:00 AM,10/26/2022 9:41,10,12.44,44.2698,0.0465,0.0645,0.1225,9.18,0.99
Site2,10/26/2022,9:46:00 AM,10/26/2022 9:46,10,12.44,44.2698,0.0465,0.0645,0.1225,9.18,0.99
Site2,10/26/2022,9:51:00 AM,10/26/2022 9:51,10,12.48,49.0413,0.0515,0.0646,0.1228,9.25,0.99
Site2,10/26/2022,9:56:00 AM,10/26/2022 9:56,10,12.48,49.0413,0.0515,0.0646,0.1228,9.25,0.99
Site2,10/26/2022,10:01:00 AM,10/26/2022 10:01,10,12.5,47.5139,0.0499,0.0646,0.123,9.32,0.99
Site2,10/26/2022,10:06:00 AM,10/26/2022 10:06,10,12.5,47.5139,0.0499,0.0646,0.123,9.32,0.99
Site2,10/26/2022,10:11:00 AM,10/26/2022 10:11,10,12.54,52.0723,0.0546,0.0647,0.1233,9.35,0.99
Site2,10/26/2022,10:16:00 AM,10/26/2022 10:16,10,12.54,52.0723,0.0546,0.0647,0.1233,9.35,0.99
Site2,10/26/2022,10:21:00 AM,10/26/2022 10:21,10,12.54,55.0797,0.0578,0.0647,0.1233,9.38,0.99
Site2,10/26/2022,10:26:00 AM,10/26/2022 10:26,10,12.54,55.0797,0.0578,0.0647,0.1233,9.38,0.99
Site2,10/26/2022,10:31:00 AM,10/26/2022 10:31,10,12.62,64.8595,0.0681,0.0648,0.124,9.41,0.99
Site2,10/26/2022,10:36:00 AM,10/26/2022 10:36,10,12.62,64.8595,0.0681,0.0648,0.124,9.41,0.99
Site2,10/26/2022,10:41:00 AM,10/26/2022 10:41,10,12.64,69.6429,0.0731,0.0648,0.1241,9.48,0.99
Site2,10/26/2022,10:46:00 AM,10/26/2022 10:46,10,12.64,69.6429,0.0731,0.0648,0.1241,9.48,0.99
Site2,10/26/2022,10:51:00 AM,10/26/2022 10:51,10,12.69,93.7018,0.0983,0.0649,0.1246,9.53,0.99
Site2,10/26/2022,10:56:00 AM,10/26/2022 10:56,10,12.69,93.7018,0.0983,0.0649,0.1246,9.53,0.99
Site2,10/26/2022,11:01:00 AM,10/26/2022 11:01,10,12.74,78.9018,0.0828,0.065,0.1251,9.51,0.99
Site2,10/26/2022,11:06:00 AM,10/26/2022 11:06,10,12.74,78.9018,0.0828,0.065,0.1251,9.51,0.99
Site2,10/26/2022,11:11:00 AM,10/26/2022 11:11,10,12.79,69.1693,0.0726,0.065,0.1255,9.57,0.99
Site2,10/26/2022,11:16:00 AM,10/26/2022 11:16,10,12.79,69.1693,0.0726,0.065,0.1255,9.57,0.99
Site2,10/26/2022,11:21:00 AM,10/26/2022 11:21,10,12.82,75.8234,0.0796,0.0651,0.1257,9.55,0.99
Site2,10/26/2022,11:26:00 AM,10/26/2022 11:26,10,12.82,75.8234,0.0796,0.0651,0.1257,9.55,0.99
Site2,10/26/2022,11:31:00 AM,10/26/2022 11:31,10,12.84,75.2077,0.0789,0.0651,0.1259,9.59,0.99
Site2,10/26/2022,11:36:00 AM,10/26/2022 11:36,10,12.84,75.2077,0.0789,0.0651,0.1259,9.59,0.99
Site2,10/26/2022,11:41:00 AM,10/26/2022 11:41,10,12.89,72.745,0.0763,0.0652,0.1264,9.57,0.99
Site2,10/26/2022,11:46:00 AM,10/26/2022 11:46,10,12.89,72.745,0.0763,0.0652,0.1264,9.57,0.99
Site2,10/26/2022,11:51:00 AM,10/26/2022 11:51,10,12.94,83.8746,0.088,0.0653,0.1268,9.61,0.99
Site2,10/26/2022,11:56:00 AM,10/26/2022 11:56,10,12.94,83.8746,0.088,0.0653,0.1268,9.61,0.99
Site2,10/26/2022,12:01:00 PM,10/26/2022 12:01,10,12.97,91.0259,0.0955,0.0653,0.1271,9.66,0.99
Site2,10/26/2022,12:06:00 PM,10/26/2022 12:06,10,12.97,91.0259,0.0955,0.0653,0.1271,9.66,0.99
Site2,10/26/2022,12:11:00 PM,10/26/2022 12:11,10,13.03,89.2026,0.0936,0.0654,0.1276,9.64,0.99
Site2,10/26/2022,12:16:00 PM,10/26/2022 12:16,10,13.03,89.2026,0.0936,0.0654,0.1276,9.64,0.99
Site2,10/26/2022,12:21:00 PM,10/26/2022 12:21,10,13.08,77.3389,0.0812,0.0655,0.128,9.66,0.99
Site2,10/26/2022,12:26:00 PM,10/26/2022 12:26,10,13.08,77.3389,0.0812,0.0655,0.128,9.66,0.99
Site2,10/26/2022,12:31:00 PM,10/26/2022 12:31,10,13.14,95.5014,0.1002,0.0656,0.1285,9.69,0.99
Site2,10/26/2022,12:36:00 PM,10/26/2022 12:36,10,13.14,95.5014,0.1002,0.0656,0.1285,9.69,0.99
Site2,10/26/2022,12:41:00 PM,10/26/2022 12:41,10,13.18,100.64,0.1056,0.0656,0.1289,9.66,0.99
Site2,10/26/2022,12:46:00 PM,10/26/2022 12:46,10,13.18,100.64,0.1056,0.0656,0.1289,9.66,0.99
Site2,10/26/2022,12:51:00 PM,10/26/2022 12:51,10,13.25,108.1702,0.1135,0.0658,0.1295,9.68,0.99
Site2,10/26/2022,12:56:00 PM,10/26/2022 12:56,10,13.25,108.1702,0.1135,0.0658,0.1295,9.68,0.99
Site2,10/26/2022,1:01:00 PM,10/26/2022 13:01,10,13.3,98.6982,0.1036,0.0658,0.13,9.69,0.99
Site2,10/26/2022,1:06:00 PM,10/26/2022 13:06,10,13.3,98.6982,0.1036,0.0658,0.13,9.69,0.99
Site2,10/26/2022,1:11:00 PM,10/26/2022 13:11,10,13.33,94.057,0.0987,0.0659,0.1303,9.68,0.99
Site2,10/26/2022,1:16:00 PM,10/26/2022 13:16,10,13.33,94.057,0.0987,0.0659,0.1303,9.68,0.99
Site2,10/26/2022,1:21:00 PM,10/26/2022 13:21,10,13.39,108.2176,0.1136,0.066,0.1308,9.66,0.99
Site2,10/26/2022,1:26:00 PM,10/26/2022 13:26,10,13.39,108.2176,0.1136,0.066,0.1308,9.66,0.99
Site2,10/26/2022,1:31:00 PM,10/26/2022 13:31,10,13.5,124.7936,0.131,0.0661,0.1318,9.65,0.99
Site2,10/26/2022,1:36:00 PM,10/26/2022 13:36,10,13.5,124.7936,0.131,0.0661,0.1318,9.65,0.99
Site2,10/26/2022,1:41:00 PM,10/26/2022 13:41,10,13.64,118.8736,0.1247,0.0664,0.1331,9.64,0.99
Site2,10/26/2022,1:46:00 PM,10/26/2022 13:46,10,13.64,118.8736,0.1247,0.0664,0.1331,9.64,0.99
Site2,10/26/2022,1:51:00 PM,10/26/2022 13:51,10,13.71,101.8714,0.1069,0.0665,0.1338,9.66,0.99
Site2,10/26/2022,1:56:00 PM,10/26/2022 13:56,10,13.71,101.8714,0.1069,0.0665,0.1338,9.66,0.99
Site2,10/26/2022,2:01:00 PM,10/26/2022 14:01,10,13.79,85.0349,0.0892,0.0666,0.1345,9.66,0.99
Site2,10/26/2022,2:06:00 PM,10/26/2022 14:06,10,13.79,85.0349,0.0892,0.0666,0.1345,9.66,0.99
Site2,10/26/2022,2:11:00 PM,10/26/2022 14:11,10,13.85,93.5597,0.0982,0.0667,0.1351,9.64,0.99
Site2,10/26/2022,2:16:00 PM,10/26/2022 14:16,10,13.85,93.5597,0.0982,0.0667,0.1351,9.64,0.99
Site2,10/26/2022,2:21:00 PM,10/26/2022 14:21,10,14.08,74.5446,0.0782,0.0671,0.1372,9.63,0.99
Site2,10/26/2022,2:26:00 PM,10/26/2022 14:26,10,14.08,74.5446,0.0782,0.0671,0.1372,9.63,0.99
Site2,10/26/2022,2:31:00 PM,10/26/2022 14:31,10,14.44,89.8656,0.0943,0.0677,0.1407,9.62,0.99
Site2,10/26/2022,2:36:00 PM,10/26/2022 14:36,10,14.44,89.8656,0.0943,0.0677,0.1407,9.62,0.99
Site2,10/26/2022,2:41:00 PM,10/26/2022 14:41,10,14.65,82.4301,0.0865,0.068,0.1428,9.53,0.99
Site2,10/26/2022,2:46:00 PM,10/26/2022 14:46,10,14.65,82.4301,0.0865,0.068,0.1428,9.53,0.99
Site2,10/26/2022,2:51:00 PM,10/26/2022 14:51,10,14.73,50.6042,0.0531,0.0681,0.1435,9.43,0.99
Site2,10/26/2022,2:56:00 PM,10/26/2022 14:56,10,14.73,50.6042,0.0531,0.0681,0.1435,9.43,0.99
Site2,10/26/2022,3:01:00 PM,10/26/2022 15:01,10,14.74,67.8906,0.0712,0.0681,0.1436,9.33,0.99
Site2,10/26/2022,3:06:00 PM,10/26/2022 15:06,10,14.74,67.8906,0.0712,0.0681,0.1436,9.33,0.99
Site2,10/26/2022,3:11:00 PM,10/26/2022 15:11,10,14.79,83.4483,0.0876,0.0682,0.1441,9.31,0.99
Site2,10/26/2022,3:16:00 PM,10/26/2022 15:16,10,14.79,83.4483,0.0876,0.0682,0.1441,9.31,0.99
Site2,10/26/2022,3:21:00 PM,10/26/2022 15:21,10,14.94,79.2096,0.0831,0.0685,0.1457,9.35,0.99
Site2,10/26/2022,3:26:00 PM,10/26/2022 15:26,10,14.94,79.2096,0.0831,0.0685,0.1457,9.35,0.99
Site2,10/26/2022,3:31:00 PM,10/26/2022 15:31,10,15.11,76.368,0.0801,0.0687,0.1473,9.32,0.99
Site2,10/26/2022,3:36:00 PM,10/26/2022 15:36,10,15.11,76.368,0.0801,0.0687,0.1473,9.32,0.99
Site2,10/26/2022,3:41:00 PM,10/26/2022 15:41,10,15.15,66.304,0.0696,0.0688,0.1478,9.31,0.99
Site2,10/26/2022,3:46:00 PM,10/26/2022 15:46,10,15.15,66.304,0.0696,0.0688,0.1478,9.31,0.99
Site2,10/26/2022,3:51:00 PM,10/26/2022 15:51,10,15.07,34.6675,0.0364,0.0687,0.147,9.19,0.99
Site2,10/26/2022,3:56:00 PM,10/26/2022 15:56,10,15.07,34.6675,0.0364,0.0687,0.147,9.19,0.99
Site2,10/26/2022,4:01:00 PM,10/26/2022 16:01,10,15.07,27.2202,0.0286,0.0687,0.147,9.08,0.99
Site2,10/26/2022,4:06:00 PM,10/26/2022 16:06,10,15.07,27.2202,0.0286,0.0687,0.147,9.08,0.99
Site2,10/26/2022,4:11:00 PM,10/26/2022 16:11,10,15.09,27.7411,0.0291,0.0687,0.1472,9.06,0.99
Site2,10/26/2022,4:16:00 PM,10/26/2022 16:16,10,15.09,27.7411,0.0291,0.0687,0.1472,9.06,0.99
Site2,10/26/2022,4:21:00 PM,10/26/2022 16:21,10,15.12,27.0662,0.0284,0.0688,0.1475,9.01,0.99
Site2,10/26/2022,4:26:00 PM,10/26/2022 16:26,10,15.12,27.0662,0.0284,0.0688,0.1475,9.01,0.99
Site2,10/26/2022,4:31:00 PM,10/26/2022 16:31,10,15.13,25.089,0.0263,0.0688,0.1476,8.93,0.99
Site2,10/26/2022,4:36:00 PM,10/26/2022 16:36,10,15.13,25.089,0.0263,0.0688,0.1476,8.93,0.99
Site2,10/26/2022,4:41:00 PM,10/26/2022 16:41,10,15.09,23.455,0.0246,0.0687,0.1472,8.89,0.99
Site2,10/26/2022,4:46:00 PM,10/26/2022 16:46,10,15.09,23.455,0.0246,0.0687,0.1472,8.89,0.99
Site2,10/26/2022,4:51:00 PM,10/26/2022 16:51,10,15.02,22.7269,0.0239,0.0686,0.1465,8.78,0.99
Site2,10/26/2022,4:56:00 PM,10/26/2022 16:56,10,15.02,22.7269,0.0239,0.0686,0.1465,8.78,0.99
Site2,10/26/2022,5:01:00 PM,10/26/2022 17:01,10,14.89,18.7605,0.0197,0.0684,0.1452,8.7,0.99
Site2,10/26/2022,5:06:00 PM,10/26/2022 17:06,10,14.89,18.7605,0.0197,0.0684,0.1452,8.7,0.99
Site2,10/26/2022,5:11:00 PM,10/26/2022 17:11,10,14.77,13.5568,0.0142,0.0682,0.144,8.59,0.99
Site2,10/26/2022,5:16:00 PM,10/26/2022 17:16,10,14.77,13.5568,0.0142,0.0682,0.144,8.59,0.99
Site2,10/26/2022,5:21:00 PM,10/26/2022 17:21,10,14.62,10.1202,0.0106,0.0679,0.1425,8.51,0.99
Site2,10/26/2022,5:26:00 PM,10/26/2022 17:26,10,14.62,10.1202,0.0106,0.0679,0.1425,8.51,0.99
Site2,10/26/2022,5:31:00 PM,10/26/2022 17:31,10,14.52,7.5776,0.008,0.0678,0.1415,8.44,0.99
Site2,10/26/2022,5:36:00 PM,10/26/2022 17:36,10,14.52,7.5776,0.008,0.0678,0.1415,8.44,0.99
Site2,10/26/2022,5:41:00 PM,10/26/2022 17:41,10,14.4,4.9314,0.0052,0.0676,0.1403,8.37,0.99
Site2,10/26/2022,5:46:00 PM,10/26/2022 17:46,10,14.4,4.9314,0.0052,0.0676,0.1403,8.37,0.99
Site2,10/26/2022,5:51:00 PM,10/26/2022 17:51,10,14.27,2.3147,0.0024,0.0674,0.139,8.24,0.99
Site2,10/26/2022,5:56:00 PM,10/26/2022 17:56,10,14.27,2.3147,0.0024,0.0674,0.139,8.24,0.99
Site2,10/26/2022,6:01:00 PM,10/26/2022 18:01,10,14.17,0.6014,0.0006,0.0672,0.1381,8.24,0.99
Site2,10/26/2022,6:06:00 PM,10/26/2022 18:06,10,14.17,0.6014,0.0006,0.0672,0.1381,8.24,0.99
Site2,10/26/2022,6:11:00 PM,10/26/2022 18:11,10,13.99,0.0681,0.0001,0.0669,0.1364,8.25,0.99
Site2,10/26/2022,6:16:00 PM,10/26/2022 18:16,10,13.99,0.0681,0.0001,0.0669,0.1364,8.25,0.99
Site2,10/26/2022,6:21:00 PM,10/26/2022 18:21,10,13.86,0,0,0.0667,0.1352,8.24,0.99
Site2,10/26/2022,6:26:00 PM,10/26/2022 18:26,10,13.86,0,0,0.0667,0.1352,8.24,0.99
Site2,10/26/2022,6:31:00 PM,10/26/2022 18:31,10,13.73,0,0,0.0665,0.1339,8.23,0.99
Site2,10/26/2022,6:36:00 PM,10/26/2022 18:36,10,13.73,0,0,0.0665,0.1339,8.23,0.99
Site2,10/26/2022,6:41:00 PM,10/26/2022 18:41,10,13.6,0,0,0.0663,0.1327,8.19,0.99
Site2,10/26/2022,6:46:00 PM,10/26/2022 18:46,10,13.6,0,0,0.0663,0.1327,8.19,0.99
Site2,10/26/2022,6:51:00 PM,10/26/2022 18:51,10,13.44,0,0,0.0661,0.1313,8.23,0.99
Site2,10/26/2022,6:56:00 PM,10/26/2022 18:56,10,13.44,0,0,0.0661,0.1313,8.23,0.99
Site2,10/26/2022,7:01:00 PM,10/26/2022 19:01,10,13.29,0,0,0.0658,0.1299,8.25,0.99
Site2,10/26/2022,7:06:00 PM,10/26/2022 19:06,10,13.29,0,0,0.0658,0.1299,8.25,0.99
Site2,10/26/2022,7:11:00 PM,10/26/2022 19:11,10,13.14,0,0,0.0656,0.1285,8.29,0.99
Site2,10/26/2022,7:16:00 PM,10/26/2022 19:16,10,13.14,0,0,0.0656,0.1285,8.29,0.99
Site2,10/26/2022,7:21:00 PM,10/26/2022 19:21,10,13.06,0,0,0.0655,0.1278,8.18,0.99
Site2,10/26/2022,7:26:00 PM,10/26/2022 19:26,10,13.06,0,0,0.0655,0.1278,8.18,0.99
Site2,10/26/2022,7:31:00 PM,10/26/2022 19:31,10,12.95,0,0,0.0653,0.1269,8.23,0.99
Site2,10/26/2022,7:36:00 PM,10/26/2022 19:36,10,12.95,0,0,0.0653,0.1269,8.23,0.99
Site2,10/26/2022,7:41:00 PM,10/26/2022 19:41,10,12.84,0,0,0.0651,0.1259,8.29,0.99
Site2,10/26/2022,7:46:00 PM,10/26/2022 19:46,10,12.84,0,0,0.0651,0.1259,8.29,0.99
Site2,10/26/2022,7:51:00 PM,10/26/2022 19:51,10,12.72,0,0,0.0649,0.1249,8.33,0.99
Site2,10/26/2022,7:56:00 PM,10/26/2022 19:56,10,12.72,0,0,0.0649,0.1249,8.33,0.99
Site2,10/26/2022,8:01:00 PM,10/26/2022 20:01,10,12.63,0,0,0.0648,0.1241,6.31,0.99
Site2,10/26/2022,8:06:00 PM,10/26/2022 20:06,10,12.63,0,0,0.0648,0.1241,6.31,0.99
Site2,10/26/2022,8:11:00 PM,10/26/2022 20:11,10,12.56,0,0,0.0647,0.1235,8.37,0.99
Site2,10/26/2022,8:16:00 PM,10/26/2022 20:16,10,12.56,0,0,0.0647,0.1235,8.37,0.99
Site2,10/26/2022,8:21:00 PM,10/26/2022 20:21,10,12.45,0,0,0.0645,0.1226,8.37,0.99
Site2,10/26/2022,8:26:00 PM,10/26/2022 20:26,10,12.45,0,0,0.0645,0.1226,8.37,0.99
Site2,10/26/2022,8:31:00 PM,10/26/2022 20:31,10,12.4,0,0,0.0644,0.1221,8.38,0.99
Site2,10/26/2022,8:36:00 PM,10/26/2022 20:36,10,12.4,0,0,0.0644,0.1221,8.38,0.99
Site2,10/26/2022,8:41:00 PM,10/26/2022 20:41,10,12.27,0,0,0.0642,0.1211,8.22,0.99
Site2,10/26/2022,8:46:00 PM,10/26/2022 20:46,10,12.27,0,0,0.0642,0.1211,8.22,0.99
Site2,10/26/2022,8:51:00 PM,10/26/2022 20:51,10,12.21,0,0,0.0641,0.1205,8.36,0.99
Site2,10/26/2022,8:56:00 PM,10/26/2022 20:56,10,12.21,0,0,0.0641,0.1205,8.36,0.99
Site2,10/26/2022,9:01:00 PM,10/26/2022 21:01,10,12.13,0,0,0.064,0.1199,8.31,0.99
Site2,10/26/2022,9:06:00 PM,10/26/2022 21:06,10,12.13,0,0,0.064,0.1199,8.31,0.99
Site2,10/26/2022,9:11:00 PM,10/26/2022 21:11,10,12.04,0,0,0.0639,0.1191,8.46,0.99
Site2,10/26/2022,9:16:00 PM,10/26/2022 21:16,10,12.04,0,0,0.0639,0.1191,8.46,0.99
Site2,10/26/2022,9:21:00 PM,10/26/2022 21:21,10,11.98,0,0,0.0638,0.1186,8.38,0.99
Site2,10/26/2022,9:26:00 PM,10/26/2022 21:26,10,11.98,0,0,0.0638,0.1186,8.38,0.99
Site2,10/26/2022,9:31:00 PM,10/26/2022 21:31,10,11.88,0,0,0.0637,0.1178,8.42,0.99
Site2,10/26/2022,9:36:00 PM,10/26/2022 21:36,10,11.88,0,0,0.0637,0.1178,8.42,0.99
Site2,10/26/2022,9:41:00 PM,10/26/2022 21:41,10,11.8,0,0,0.0635,0.1172,8.16,0.99
Site2,10/26/2022,9:46:00 PM,10/26/2022 21:46,10,11.8,0,0,0.0635,0.1172,8.16,0.99
Site2,10/26/2022,9:51:00 PM,10/26/2022 21:51,10,11.7,0,0,0.0634,0.1164,8.44,0.99
Site2,10/26/2022,9:56:00 PM,10/26/2022 21:56,10,11.7,0,0,0.0634,0.1164,8.44,0.99
Site2,10/26/2022,10:01:00 PM,10/26/2022 22:01,10,11.65,0,0,0.0633,0.116,8.46,0.99
Site2,10/26/2022,10:06:00 PM,10/26/2022 22:06,10,11.65,0,0,0.0633,0.116,8.46,0.99
Site2,10/26/2022,10:11:00 PM,10/26/2022 22:11,10,11.56,0,0,0.0632,0.1152,8.6,0.99
Site2,10/26/2022,10:16:00 PM,10/26/2022 22:16,10,11.56,0,0,0.0632,0.1152,8.6,0.99
Site2,10/26/2022,10:21:00 PM,10/26/2022 22:21,10,11.48,0,0,0.063,0.1146,8.64,0.99
Site2,10/26/2022,10:26:00 PM,10/26/2022 22:26,10,11.48,0,0,0.063,0.1146,8.64,0.99
Site2,10/26/2022,10:31:00 PM,10/26/2022 22:31,10,11.42,0,0,0.0629,0.1141,8.69,0.99
Site2,10/26/2022,10:36:00 PM,10/26/2022 22:36,10,11.42,0,0,0.0629,0.1141,8.69,0.99
Site2,10/26/2022,10:41:00 PM,10/26/2022 22:41,10,11.4,0,0,0.0629,0.114,8.7,0.99
Site2,10/26/2022,10:46:00 PM,10/26/2022 22:46,10,11.4,0,0,0.0629,0.114,8.7,0.99
Site2,10/26/2022,10:51:00 PM,10/26/2022 22:51,10,11.28,0,0,0.0627,0.113,8.74,0.99
Site2,10/26/2022,10:56:00 PM,10/26/2022 22:56,10,11.28,0,0,0.0627,0.113,8.74,0.99
Site2,10/26/2022,11:01:00 PM,10/26/2022 23:01,10,11.23,0,0,0.0627,0.1126,8.76,0.99
Site2,10/26/2022,11:06:00 PM,10/26/2022 23:06,10,11.23,0,0,0.0627,0.1126,8.76,0.99
Site2,10/26/2022,11:11:00 PM,10/26/2022 23:11,10,11.18,0,0,0.0626,0.1123,8.61,0.99
Site2,10/26/2022,11:16:00 PM,10/26/2022 23:16,10,11.18,0,0,0.0626,0.1123,8.61,0.99
Site2,10/26/2022,11:21:00 PM,10/26/2022 23:21,10,11.07,0,0,0.0624,0.1114,8.66,0.99
Site2,10/26/2022,11:26:00 PM,10/26/2022 23:26,10,11.07,0,0,0.0624,0.1114,8.66,0.99
Site2,10/26/2022,11:31:00 PM,10/26/2022 23:31,10,11.01,0,0,0.0623,0.1109,8.72,0.99
Site2,10/26/2022,11:36:00 PM,10/26/2022 23:36,10,11.01,0,0,0.0623,0.1109,8.72,0.99
Site2,10/26/2022,11:41:00 PM,10/26/2022 23:41,10,10.95,0,0,0.0623,0.1105,8.54,0.99
Site2,10/26/2022,11:46:00 PM,10/26/2022 23:46,10,10.95,0,0,0.0623,0.1105,8.54,0.99
Site2,10/26/2022,11:51:00 PM,10/26/2022 23:51,10,10.85,0,0,0.0621,0.1097,8.74,0.99
Site2,10/26/2022,11:56:00 PM,10/26/2022 23:56,10,10.85,0,0,0.0621,0.1097,8.74,0.99
Site1,10/24/2022,12:01:00 AM,10/24/2022 0:01,10,14.291,0,0,0.003258857,0.019423244,6.865927,0.985
Site1,10/24/2022,12:06:00 AM,10/24/2022 0:06,10,14.291,0,0,0.003258857,0.019423244,6.865927,0.985
Site1,10/24/2022,12:11:00 AM,10/24/2022 0:11,10,14.256,0,0,0.003256142,0.019376182,6.86093,0.985
Site1,10/24/2022,12:16:00 AM,10/24/2022 0:16,10,14.256,0,0,0.003256142,0.019376182,6.86093,0.985
Site1,10/24/2022,12:21:00 AM,10/24/2022 0:21,10,14.247,0,0,0.003255444,0.019364099,6.84594,0.985
Site1,10/24/2022,12:26:00 AM,10/24/2022 0:26,10,14.247,0,0,0.003255444,0.019364099,6.84594,0.985
Site1,10/24/2022,12:31:00 AM,10/24/2022 0:31,10,14.239,0,0,0.003254824,0.019353364,6.866925,0.985
Site1,10/24/2022,12:36:00 AM,10/24/2022 0:36,10,14.239,0,0,0.003254824,0.019353364,6.866925,0.985
Site1,10/24/2022,12:41:00 AM,10/24/2022 0:41,10,14.239,0,0,0.003254824,0.019353364,6.860929,0.985
Site1,10/24/2022,12:46:00 AM,10/24/2022 0:46,10,14.239,0,0,0.003254824,0.019353364,6.860929,0.985
Site1,10/24/2022,12:51:00 AM,10/24/2022 0:51,10,14.204,0,0,0.003252112,0.019306472,6.874917,0.985
Site1,10/24/2022,12:56:00 AM,10/24/2022 0:56,10,14.204,0,0,0.003252112,0.019306472,6.874917,0.985
Site1,10/24/2022,1:01:00 AM,10/24/2022 1:01,10,14.213,0,0,0.003252809,0.019318519,6.87192,0.985
Site1,10/24/2022,1:06:00 AM,10/24/2022 1:06,10,14.213,0,0,0.003252809,0.019318519,6.87192,0.985
Site1,10/24/2022,1:11:00 AM,10/24/2022 1:11,10,14.187,0,0,0.003250795,0.019283737,6.848936,0.985
Site1,10/24/2022,1:16:00 AM,10/24/2022 1:16,10,14.187,0,0,0.003250795,0.019283737,6.848936,0.985
Site1,10/24/2022,1:21:00 AM,10/24/2022 1:21,10,14.178,0,0,0.003250099,0.019271711,6.854931,0.985
Site1,10/24/2022,1:26:00 AM,10/24/2022 1:26,10,14.178,0,0,0.003250099,0.019271711,6.854931,0.985
Site1,10/24/2022,1:31:00 AM,10/24/2022 1:31,10,14.169,0,0,0.003249402,0.019259693,6.856929,0.985
Site1,10/24/2022,1:36:00 AM,10/24/2022 1:36,10,14.169,0,0,0.003249402,0.019259693,6.856929,0.985
Site1,10/24/2022,1:41:00 AM,10/24/2022 1:41,10,14.152,0,0,0.003248087,0.019237013,6.818956,0.985
Site1,10/24/2022,1:46:00 AM,10/24/2022 1:46,10,14.152,0,0,0.003248087,0.019237013,6.818956,0.985
Site1,10/24/2022,1:51:00 AM,10/24/2022 1:51,10,14.135,0,0,0.003246772,0.019214359,6.852931,0.985
Site1,10/24/2022,1:56:00 AM,10/24/2022 1:56,10,14.135,0,0,0.003246772,0.019214359,6.852931,0.985
Site1,10/24/2022,2:01:00 AM,10/24/2022 2:01,10,14.126,0,0,0.003246077,0.019202377,6.828948,0.985
Site1,10/24/2022,2:06:00 AM,10/24/2022 2:06,10,14.126,0,0,0.003246077,0.019202377,6.828948,0.985
Site1,10/24/2022,2:11:00 AM,10/24/2022 2:11,10,14.117,0,0,0.003245381,0.019190402,6.807963,0.985
Site1,10/24/2022,2:16:00 AM,10/24/2022 2:16,10,14.117,0,0,0.003245381,0.019190402,6.807963,0.985
Site1,10/24/2022,2:21:00 AM,10/24/2022 2:21,10,14.109,0,0,0.003244763,0.019179764,6.804965,0.985
Site1,10/24/2022,2:26:00 AM,10/24/2022 2:26,10,14.109,0,0,0.003244763,0.019179764,6.804965,0.985
Site1,10/24/2022,2:31:00 AM,10/24/2022 2:31,10,14.065,0,0,0.003241365,0.019121361,6.80996,0.985
Site1,10/24/2022,2:36:00 AM,10/24/2022 2:36,10,14.065,0,0,0.003241365,0.019121361,6.80996,0.985
Site1,10/24/2022,2:41:00 AM,10/24/2022 2:41,10,14.039,0,0,0.003239358,0.019086933,6.84893,0.985
Site1,10/24/2022,2:46:00 AM,10/24/2022 2:46,10,14.039,0,0,0.003239358,0.019086933,6.84893,0.985
Site1,10/24/2022,2:51:00 AM,10/24/2022 2:51,10,14.013,0,0,0.003237353,0.019052568,6.880905,0.985
Site1,10/24/2022,2:56:00 AM,10/24/2022 2:56,10,14.013,0,0,0.003237353,0.019052568,6.880905,0.985
Site1,10/24/2022,3:01:00 AM,10/24/2022 3:01,10,13.987,0,0,0.003235349,0.019018264,6.894893,0.985
Site1,10/24/2022,3:06:00 AM,10/24/2022 3:06,10,13.987,0,0,0.003235349,0.019018264,6.894893,0.985
Site1,10/24/2022,3:11:00 AM,10/24/2022 3:11,10,13.97,0,0,0.00323404,0.018995868,6.89889,0.985
Site1,10/24/2022,3:16:00 AM,10/24/2022 3:16,10,13.97,0,0,0.00323404,0.018995868,6.89889,0.985
Site1,10/24/2022,3:21:00 AM,10/24/2022 3:21,10,13.926,0,0,0.003230653,0.018938025,6.827941,0.985
Site1,10/24/2022,3:26:00 AM,10/24/2022 3:26,10,13.926,0,0,0.003230653,0.018938025,6.827941,0.985
Site1,10/24/2022,3:31:00 AM,10/24/2022 3:31,10,13.9,0,0,0.003228653,0.018903927,6.861914,0.985
Site1,10/24/2022,3:36:00 AM,10/24/2022 3:36,10,13.9,0,0,0.003228653,0.018903927,6.861914,0.985
Site1,10/24/2022,3:41:00 AM,10/24/2022 3:41,10,13.857,0,0,0.003225349,0.01884767,6.893889,0.985
Site1,10/24/2022,3:46:00 AM,10/24/2022 3:46,10,13.857,0,0,0.003225349,0.01884767,6.893889,0.985
Site1,10/24/2022,3:51:00 AM,10/24/2022 3:51,10,13.831,0,0,0.003223352,0.018813735,6.925864,0.985
Site1,10/24/2022,3:56:00 AM,10/24/2022 3:56,10,13.831,0,0,0.003223352,0.018813735,6.925864,0.985
Site1,10/24/2022,4:01:00 AM,10/24/2022 4:01,10,13.787,0,0,0.003219976,0.018756446,6.927861,0.985
Site1,10/24/2022,4:06:00 AM,10/24/2022 4:06,10,13.787,0,0,0.003219976,0.018756446,6.927861,0.985
Site1,10/24/2022,4:11:00 AM,10/24/2022 4:11,10,13.779,0,0,0.003219363,0.018746049,6.92886,0.985
Site1,10/24/2022,4:16:00 AM,10/24/2022 4:16,10,13.779,0,0,0.003219363,0.018746049,6.92886,0.985
Site1,10/24/2022,4:21:00 AM,10/24/2022 4:21,10,13.744,0,0,0.003216681,0.018700628,6.946845,0.985
Site1,10/24/2022,4:26:00 AM,10/24/2022 4:26,10,13.744,0,0,0.003216681,0.018700628,6.946845,0.985
Site1,10/24/2022,4:31:00 AM,10/24/2022 4:31,10,13.692,0,0,0.0032127,0.018633348,6.959833,0.985
Site1,10/24/2022,4:36:00 AM,10/24/2022 4:36,10,13.692,0,0,0.0032127,0.018633348,6.959833,0.985
Site1,10/24/2022,4:41:00 AM,10/24/2022 4:41,10,13.683,0,0,0.003212012,0.018621728,6.952838,0.985
Site1,10/24/2022,4:46:00 AM,10/24/2022 4:46,10,13.683,0,0,0.003212012,0.018621728,6.952838,0.985
Site1,10/24/2022,4:51:00 AM,10/24/2022 4:51,10,13.657,0,0,0.003210023,0.0185882,6.98881,0.985
Site1,10/24/2022,4:56:00 AM,10/24/2022 4:56,10,13.657,0,0,0.003210023,0.0185882,6.98881,0.985
Site1,10/24/2022,5:01:00 AM,10/24/2022 5:01,10,13.639,0,0,0.003208648,0.018565024,6.980815,0.985
Site1,10/24/2022,5:06:00 AM,10/24/2022 5:06,10,13.639,0,0,0.003208648,0.018565024,6.980815,0.985
Site1,10/24/2022,5:11:00 AM,10/24/2022 5:11,10,13.578,0,0,0.00320399,0.018486697,6.978814,0.985
Site1,10/24/2022,5:16:00 AM,10/24/2022 5:16,10,13.578,0,0,0.00320399,0.018486697,6.978814,0.985
Site1,10/24/2022,5:21:00 AM,10/24/2022 5:21,10,13.578,0,0,0.00320399,0.018486697,7.002796,0.985
Site1,10/24/2022,5:26:00 AM,10/24/2022 5:26,10,13.578,0,0,0.00320399,0.018486697,7.002796,0.985
Site1,10/24/2022,5:31:00 AM,10/24/2022 5:31,10,13.543,0,0,0.003201321,0.018441904,7.000796,0.985
Site1,10/24/2022,5:36:00 AM,10/24/2022 5:36,10,13.543,0,0,0.003201321,0.018441904,7.000796,0.985
Site1,10/24/2022,5:41:00 AM,10/24/2022 5:41,10,13.535,0,0,0.003200711,0.018431681,6.942839,0.985
Site1,10/24/2022,5:46:00 AM,10/24/2022 5:46,10,13.535,0,0,0.003200711,0.018431681,6.942839,0.985
Site1,10/24/2022,5:51:00 AM,10/24/2022 5:51,10,13.465,0,0,0.00319538,0.018342471,6.981807,0.985
Site1,10/24/2022,5:56:00 AM,10/24/2022 5:56,10,13.465,0,0,0.00319538,0.018342471,6.981807,0.985
Site1,10/24/2022,6:01:00 AM,10/24/2022 6:01,10,13.491,0,0,0.003197359,0.018375556,7.009787,0.985
Site1,10/24/2022,6:06:00 AM,10/24/2022 6:06,10,13.491,0,0,0.003197359,0.018375556,7.009787,0.985
Site1,10/24/2022,6:11:00 AM,10/24/2022 6:11,10,13.439,0,0,0.003193402,0.018309446,7.049755,0.985
Site1,10/24/2022,6:16:00 AM,10/24/2022 6:16,10,13.439,0,0,0.003193402,0.018309446,7.049755,0.985
Site1,10/24/2022,6:21:00 AM,10/24/2022 6:21,10,13.456,0,0,0.003194695,0.018331032,7.058749,0.985
Site1,10/24/2022,6:26:00 AM,10/24/2022 6:26,10,13.456,0,0,0.003194695,0.018331032,7.058749,0.985
Site1,10/24/2022,6:31:00 AM,10/24/2022 6:31,10,13.386,0,0,0.003189374,0.018242309,7.019775,0.985
Site1,10/24/2022,6:36:00 AM,10/24/2022 6:36,10,13.386,0,0,0.003189374,0.018242309,7.019775,0.985
Site1,10/24/2022,6:41:00 AM,10/24/2022 6:41,10,13.334,0.059755,6.00251E-06,0.003185427,0.018176679,7.002786,0.985
Site1,10/24/2022,6:46:00 AM,10/24/2022 6:46,10,13.334,0.059755,6.00251E-06,0.003185427,0.018176679,7.002786,0.985
Site1,10/24/2022,6:51:00 AM,10/24/2022 6:51,10,13.342,0.660265,6.6325E-05,0.003186034,0.01818676,6.921846,0.985
Site1,10/24/2022,6:56:00 AM,10/24/2022 6:56,10,13.342,0.660265,6.6325E-05,0.003186034,0.01818676,6.921846,0.985
Site1,10/24/2022,7:01:00 AM,10/24/2022 7:01,10,13.351,3.05028,0.000306407,0.003186717,0.018198109,6.758968,0.985
Site1,10/24/2022,7:06:00 AM,10/24/2022 7:06,10,13.351,3.05028,0.000306407,0.003186717,0.018198109,6.758968,0.985
Site1,10/24/2022,7:11:00 AM,10/24/2022 7:11,10,13.369,8.05712,0.000809355,0.003188083,0.018220827,6.525143,0.985
Site1,10/24/2022,7:16:00 AM,10/24/2022 7:16,10,13.369,8.05712,0.000809355,0.003188083,0.018220827,6.525143,0.985
Site1,10/24/2022,7:21:00 AM,10/24/2022 7:21,10,13.334,14.15472,0.001421871,0.003185427,0.018176679,6.537133,0.985
Site1,10/24/2022,7:26:00 AM,10/24/2022 7:26,10,13.334,14.15472,0.001421871,0.003185427,0.018176679,6.537133,0.985
Site1,10/24/2022,7:31:00 AM,10/24/2022 7:31,10,13.325,20.3648,0.002045687,0.003184744,0.018165344,6.664038,0.985
Site1,10/24/2022,7:36:00 AM,10/24/2022 7:36,10,13.325,20.3648,0.002045687,0.003184744,0.018165344,6.664038,0.985
Site1,10/24/2022,7:41:00 AM,10/24/2022 7:41,10,13.299,25.2192,0.002533321,0.003182773,0.018132637,6.727989,0.985
Site1,10/24/2022,7:46:00 AM,10/24/2022 7:46,10,13.299,25.2192,0.002533321,0.003182773,0.018132637,6.727989,0.985
Site1,10/24/2022,7:51:00 AM,10/24/2022 7:51,10,13.281,29.20928,0.002934133,0.003181409,0.018110029,6.433208,0.985
Site1,10/24/2022,7:56:00 AM,10/24/2022 7:56,10,13.281,29.20928,0.002934133,0.003181409,0.018110029,6.433208,0.985
Site1,10/24/2022,8:01:00 AM,10/24/2022 8:01,10,13.29,32.4416,0.003258827,0.003182091,0.01812133,5.980545,0.985
Site1,10/24/2022,8:06:00 AM,10/24/2022 8:06,10,13.29,32.4416,0.003258827,0.003182091,0.01812133,5.980545,0.985
Site1,10/24/2022,8:11:00 AM,10/24/2022 8:11,10,13.264,35.3424,0.003550218,0.003180121,0.018088703,6.233356,0.985
Site1,10/24/2022,8:16:00 AM,10/24/2022 8:16,10,13.264,35.3424,0.003550218,0.003180121,0.018088703,6.233356,0.985
Site1,10/24/2022,8:21:00 AM,10/24/2022 8:21,10,13.255,38.2432,0.00384161,0.003179439,0.018077422,6.344273,0.985
Site1,10/24/2022,8:26:00 AM,10/24/2022 8:26,10,13.255,38.2432,0.00384161,0.003179439,0.018077422,6.344273,0.985
Site1,10/24/2022,8:31:00 AM,10/24/2022 8:31,10,13.237,40.6112,0.00407948,0.003178077,0.018054883,6.590089,0.985
Site1,10/24/2022,8:36:00 AM,10/24/2022 8:36,10,13.237,40.6112,0.00407948,0.003178077,0.018054883,6.590089,0.985
Site1,10/24/2022,8:41:00 AM,10/24/2022 8:41,10,13.246,44.17504,0.004437475,0.003178758,0.018066149,6.505153,0.985
Site1,10/24/2022,8:46:00 AM,10/24/2022 8:46,10,13.246,44.17504,0.004437475,0.003178758,0.018066149,6.505153,0.985
Site1,10/24/2022,8:51:00 AM,10/24/2022 8:51,10,13.255,52.64064,0.005287863,0.003179439,0.018077422,6.632059,0.985
Site1,10/24/2022,8:56:00 AM,10/24/2022 8:56,10,13.255,52.64064,0.005287863,0.003179439,0.018077422,6.632059,0.985
Site1,10/24/2022,9:01:00 AM,10/24/2022 9:01,10,13.281,65.712,0.006600908,0.003181409,0.018110029,6.568107,0.985
Site1,10/24/2022,9:06:00 AM,10/24/2022 9:06,10,13.281,65.712,0.006600908,0.003181409,0.018110029,6.568107,0.985
Site1,10/24/2022,9:11:00 AM,10/24/2022 9:11,10,13.325,75.6576,0.007599964,0.003184744,0.018165344,5.65379,0.985
Site1,10/24/2022,9:16:00 AM,10/24/2022 9:16,10,13.325,75.6576,0.007599964,0.003184744,0.018165344,5.65379,0.985
Site1,10/24/2022,9:21:00 AM,10/24/2022 9:21,10,13.404,137.67552,0.013829795,0.003190741,0.018265083,4.17989,0.985
Site1,10/24/2022,9:26:00 AM,10/24/2022 9:26,10,13.404,137.67552,0.013829795,0.003190741,0.018265083,4.17989,0.985
Site1,10/24/2022,9:31:00 AM,10/24/2022 9:31,10,13.526,206.016,0.020694739,0.003200025,0.018420187,3.216609,0.985
Site1,10/24/2022,9:36:00 AM,10/24/2022 9:36,10,13.526,206.016,0.020694739,0.003200025,0.018420187,3.216609,0.985
Site1,10/24/2022,9:41:00 AM,10/24/2022 9:41,10,13.639,273.2672,0.027450263,0.003208648,0.018565024,3.318535,0.985
Site1,10/24/2022,9:46:00 AM,10/24/2022 9:46,10,13.639,273.2672,0.027450263,0.003208648,0.018565024,3.318535,0.985
Site1,10/24/2022,9:51:00 AM,10/24/2022 9:51,10,13.779,253.75488,0.025490209,0.003219363,0.018746049,3.317539,0.985
Site1,10/24/2022,9:56:00 AM,10/24/2022 9:56,10,13.779,253.75488,0.025490209,0.003219363,0.018746049,3.317539,0.985
Site1,10/24/2022,10:01:00 AM,10/24/2022 10:01,10,13.874,126.64064,0.012721318,0.003226655,0.018869891,4.673535,0.985
Site1,10/24/2022,10:06:00 AM,10/24/2022 10:06,10,13.874,126.64064,0.012721318,0.003226655,0.018869891,4.673535,0.985
Site1,10/24/2022,10:11:00 AM,10/24/2022 10:11,10,13.987,236.13696,0.023720452,0.003235349,0.019018264,4.584605,0.985
Site1,10/24/2022,10:16:00 AM,10/24/2022 10:16,10,13.987,236.13696,0.023720452,0.003235349,0.019018264,4.584605,0.985
Site1,10/24/2022,10:21:00 AM,10/24/2022 10:21,10,14.074,247.97696,0.024909805,0.003242059,0.019133293,6.267362,0.985
Site1,10/24/2022,10:26:00 AM,10/24/2022 10:26,10,14.074,247.97696,0.024909805,0.003242059,0.019133293,6.267362,0.985
Site1,10/24/2022,10:31:00 AM,10/24/2022 10:31,10,14.178,342.22336,0.034377054,0.003250099,0.019271711,6.856929,0.985
Site1,10/24/2022,10:36:00 AM,10/24/2022 10:36,10,14.178,342.22336,0.034377054,0.003250099,0.019271711,6.856929,0.985
Site1,10/24/2022,10:41:00 AM,10/24/2022 10:41,10,14.247,235.75808,0.023682393,0.003255444,0.019364099,7.167703,0.985
Site1,10/24/2022,10:46:00 AM,10/24/2022 10:46,10,14.247,235.75808,0.023682393,0.003255444,0.019364099,7.167703,0.985
Site1,10/24/2022,10:51:00 AM,10/24/2022 10:51,10,14.317,234.14784,0.023520641,0.003260875,0.019458278,6.600125,0.985
Site1,10/24/2022,10:56:00 AM,10/24/2022 10:56,10,14.317,234.14784,0.023520641,0.003260875,0.019458278,6.600125,0.985
Site1,10/24/2022,11:01:00 AM,10/24/2022 11:01,10,14.395,340.70784,0.034224817,0.003266938,0.01956376,6.357307,0.985
Site1,10/24/2022,11:06:00 AM,10/24/2022 11:06,10,14.395,340.70784,0.034224817,0.003266938,0.01956376,6.357307,0.985
Site1,10/24/2022,11:11:00 AM,10/24/2022 11:11,10,14.516,425.48224,0.042740583,0.003276365,0.019728525,6.209421,0.985
Site1,10/24/2022,11:16:00 AM,10/24/2022 11:16,10,14.516,425.48224,0.042740583,0.003276365,0.019728525,6.209421,0.985
Site1,10/24/2022,11:21:00 AM,10/24/2022 11:21,10,14.645,210.56256,0.02115145,0.003286446,0.019905712,6.09551,0.985
Site1,10/24/2022,11:26:00 AM,10/24/2022 11:26,10,14.645,210.56256,0.02115145,0.003286446,0.019905712,6.09551,0.985
Site1,10/24/2022,11:31:00 AM,10/24/2022 11:31,10,14.723,210.2784,0.021122906,0.003292556,0.02001362,6.069531,0.985
Site1,10/24/2022,11:36:00 AM,10/24/2022 11:36,10,14.723,210.2784,0.021122906,0.003292556,0.02001362,6.069531,0.985
Site1,10/24/2022,11:41:00 AM,10/24/2022 11:41,10,14.826,427.56608,0.042949909,0.003300642,0.02015701,6.299366,0.985
Site1,10/24/2022,11:46:00 AM,10/24/2022 11:46,10,14.826,427.56608,0.042949909,0.003300642,0.02015701,6.299366,0.985
Site1,10/24/2022,11:51:00 AM,10/24/2022 11:51,10,15.05,385.13152,0.038687268,0.003318296,0.020472405,6.44127,0.985
Site1,10/24/2022,11:56:00 AM,10/24/2022 11:56,10,15.05,385.13152,0.038687268,0.003318296,0.020472405,6.44127,0.985
Site1,10/24/2022,12:01:00 PM,10/24/2022 12:01,10,15.187,225.52832,0.022654792,0.00332914,0.02066773,6.962893,0.985
Site1,10/24/2022,12:06:00 PM,10/24/2022 12:06,10,15.187,225.52832,0.022654792,0.00332914,0.02066773,6.962893,0.985
Site1,10/24/2022,12:11:00 PM,10/24/2022 12:11,10,15.333,249.20832,0.025033498,0.003340735,0.020877939,6.417299,0.985
Site1,10/24/2022,12:16:00 PM,10/24/2022 12:16,10,15.333,249.20832,0.025033498,0.003340735,0.020877939,6.417299,0.985
Site1,10/24/2022,12:21:00 PM,10/24/2022 12:21,10,15.453,379.8272,0.038154438,0.003350295,0.021052313,6.539214,0.985
Site1,10/24/2022,12:26:00 PM,10/24/2022 12:26,10,15.453,379.8272,0.038154438,0.003350295,0.021052313,6.539214,0.985
Site1,10/24/2022,12:31:00 PM,10/24/2022 12:31,10,15.667,193.08672,0.019395966,0.003367413,0.021366902,7.249703,0.985
Site1,10/24/2022,12:36:00 PM,10/24/2022 12:36,10,15.667,193.08672,0.019395966,0.003367413,0.021366902,7.249703,0.985
Site1,10/24/2022,12:41:00 PM,10/24/2022 12:41,10,15.71,303.29344,0.030466462,0.003370863,0.021430679,7.32465,0.985
Site1,10/24/2022,12:46:00 PM,10/24/2022 12:46,10,15.71,303.29344,0.030466462,0.003370863,0.021430679,7.32465,0.985
Site1,10/24/2022,12:51:00 PM,10/24/2022 12:51,10,15.907,331.42528,0.033292364,0.003386714,0.021725308,7.616445,0.985
Site1,10/24/2022,12:56:00 PM,10/24/2022 12:56,10,15.907,331.42528,0.033292364,0.003386714,0.021725308,7.616445,0.985
Site1,10/24/2022,1:01:00 PM,10/24/2022 13:01,10,16.111,300.35712,0.030171502,0.003403207,0.022034676,7.812312,0.985
Site1,10/24/2022,1:06:00 PM,10/24/2022 13:06,10,16.111,300.35712,0.030171502,0.003403207,0.022034676,7.812312,0.985
Site1,10/24/2022,1:11:00 PM,10/24/2022 13:11,10,16.299,187.11936,0.018796532,0.003418477,0.022323679,8.493825,0.985
Site1,10/24/2022,1:16:00 PM,10/24/2022 13:16,10,16.299,187.11936,0.018796532,0.003418477,0.022323679,8.493825,0.985
Site1,10/24/2022,1:21:00 PM,10/24/2022 13:21,10,16.299,201.7536,0.020266572,0.003418477,0.022323679,7.976201,0.985
Site1,10/24/2022,1:26:00 PM,10/24/2022 13:26,10,16.299,201.7536,0.020266572,0.003418477,0.022323679,7.976201,0.985
Site1,10/24/2022,1:31:00 PM,10/24/2022 13:31,10,16.418,292.30592,0.029362742,0.003428179,0.022508567,8.098118,0.985
Site1,10/24/2022,1:36:00 PM,10/24/2022 13:36,10,16.418,292.30592,0.029362742,0.003428179,0.022508567,8.098118,0.985
Site1,10/24/2022,1:41:00 PM,10/24/2022 13:41,10,16.588,98.93504,0.009938232,0.003442086,0.022775353,8.187061,0.985
Site1,10/24/2022,1:46:00 PM,10/24/2022 13:46,10,16.588,98.93504,0.009938232,0.003442086,0.022775353,8.187061,0.985
Site1,10/24/2022,1:51:00 PM,10/24/2022 13:51,10,16.732,257.25952,0.025842258,0.00345391,0.023003809,7.88029,0.985
Site1,10/24/2022,1:56:00 PM,10/24/2022 13:56,10,16.732,257.25952,0.025842258,0.00345391,0.023003809,7.88029,0.985
Site1,10/24/2022,2:01:00 PM,10/24/2022 14:01,10,16.843,230.54848,0.023159078,0.003463052,0.023181473,7.994213,0.985
Site1,10/24/2022,2:06:00 PM,10/24/2022 14:06,10,16.843,230.54848,0.023159078,0.003463052,0.023181473,7.994213,0.985
Site1,10/24/2022,2:11:00 PM,10/24/2022 14:11,10,16.97,209.61536,0.021056302,0.003473541,0.02338643,8.084154,0.985
Site1,10/24/2022,2:16:00 PM,10/24/2022 14:16,10,16.97,209.61536,0.021056302,0.003473541,0.02338643,8.084154,0.985
Site1,10/24/2022,2:21:00 PM,10/24/2022 14:21,10,17.046,198.05952,0.019895494,0.003479834,0.023509947,7.691441,0.985
Site1,10/24/2022,2:26:00 PM,10/24/2022 14:26,10,17.046,198.05952,0.019895494,0.003479834,0.023509947,7.691441,0.985
Site1,10/24/2022,2:31:00 PM,10/24/2022 14:31,10,17.114,189.39264,0.019024888,0.003485473,0.023621016,7.603508,0.985
Site1,10/24/2022,2:36:00 PM,10/24/2022 14:36,10,17.114,189.39264,0.019024888,0.003485473,0.023621016,7.603508,0.985
Site1,10/24/2022,2:41:00 PM,10/24/2022 14:41,10,17.207,141.6064,0.01422466,0.003493201,0.023773768,7.796372,0.985
Site1,10/24/2022,2:46:00 PM,10/24/2022 14:46,10,17.207,141.6064,0.01422466,0.003493201,0.023773768,7.796372,0.985
Site1,10/24/2022,2:51:00 PM,10/24/2022 14:51,10,17.232,164.71808,0.016546276,0.003495281,0.023814998,7.349696,0.985
Site1,10/24/2022,2:56:00 PM,10/24/2022 14:56,10,17.232,164.71808,0.016546276,0.003495281,0.023814998,7.349696,0.985
Site1,10/24/2022,3:01:00 PM,10/24/2022 15:01,10,17.393,164.48128,0.016522489,0.003508708,0.024082242,7.571543,0.985
Site1,10/24/2022,3:06:00 PM,10/24/2022 15:06,10,17.393,164.48128,0.016522489,0.003508708,0.024082242,7.571543,0.985
Site1,10/24/2022,3:11:00 PM,10/24/2022 15:11,10,17.494,145.91616,0.014657584,0.003517158,0.02425142,7.685465,0.985
Site1,10/24/2022,3:16:00 PM,10/24/2022 15:16,10,17.494,145.91616,0.014657584,0.003517158,0.02425142,7.685465,0.985
Site1,10/24/2022,3:21:00 PM,10/24/2022 15:21,10,17.554,142.08,0.014272234,0.003522187,0.024352484,7.51459,0.985
Site1,10/24/2022,3:26:00 PM,10/24/2022 15:26,10,17.554,142.08,0.014272234,0.003522187,0.024352484,7.51459,0.985
Site1,10/24/2022,3:31:00 PM,10/24/2022 15:31,10,17.579,121.14688,0.012169458,0.003524284,0.024394718,7.388682,0.985
Site1,10/24/2022,3:36:00 PM,10/24/2022 15:36,10,17.579,121.14688,0.012169458,0.003524284,0.024394718,7.388682,0.985
Site1,10/24/2022,3:41:00 PM,10/24/2022 15:41,10,17.613,127.82464,0.012840253,0.003527139,0.024452274,6.760136,0.985
Site1,10/24/2022,3:46:00 PM,10/24/2022 15:46,10,17.613,127.82464,0.012840253,0.003527139,0.024452274,6.760136,0.985
Site1,10/24/2022,3:51:00 PM,10/24/2022 15:51,10,17.621,118.49472,0.011903043,0.003527811,0.024465837,6.228519,0.985
Site1,10/24/2022,3:56:00 PM,10/24/2022 15:56,10,17.621,118.49472,0.011903043,0.003527811,0.024465837,6.228519,0.985
Site1,10/24/2022,4:01:00 PM,10/24/2022 16:01,10,17.765,107.55456,0.010804081,0.00353993,0.024711249,6.569279,0.985
Site1,10/24/2022,4:06:00 PM,10/24/2022 16:06,10,17.765,107.55456,0.010804081,0.00353993,0.024711249,6.569279,0.985
Site1,10/24/2022,4:11:00 PM,10/24/2022 16:11,10,17.773,70.49536,0.007081407,0.003540604,0.024724955,6.552291,0.985
Site1,10/24/2022,4:16:00 PM,10/24/2022 16:16,10,17.773,70.49536,0.007081407,0.003540604,0.024724955,6.552291,0.985
Site1,10/24/2022,4:21:00 PM,10/24/2022 16:21,10,17.748,54.89024,0.00551384,0.003538497,0.024682149,6.355432,0.985
Site1,10/24/2022,4:26:00 PM,10/24/2022 16:26,10,17.748,54.89024,0.00551384,0.003538497,0.024682149,6.355432,0.985
Site1,10/24/2022,4:31:00 PM,10/24/2022 16:31,10,17.756,40.63488,0.004081859,0.003539171,0.024695839,6.153577,0.985
Site1,10/24/2022,4:36:00 PM,10/24/2022 16:36,10,17.756,40.63488,0.004081859,0.003539171,0.024695839,6.153577,0.985
Site1,10/24/2022,4:41:00 PM,10/24/2022 16:41,10,17.773,32.95072,0.003309969,0.003540604,0.024724955,6.212535,0.985
Site1,10/24/2022,4:46:00 PM,10/24/2022 16:46,10,17.773,32.95072,0.003309969,0.003540604,0.024724955,6.212535,0.985
Site1,10/24/2022,4:51:00 PM,10/24/2022 16:51,10,17.824,35.1056,0.003526431,0.003544907,0.02481251,5.48406,0.985
Site1,10/24/2022,4:56:00 PM,10/24/2022 16:56,10,17.824,35.1056,0.003526431,0.003544907,0.02481251,5.48406,0.985
Site1,10/24/2022,5:01:00 PM,10/24/2022 17:01,10,17.807,45.78528,0.004599227,0.003543472,0.024783291,4.697625,0.985
Site1,10/24/2022,5:06:00 PM,10/24/2022 17:06,10,17.807,45.78528,0.004599227,0.003543472,0.024783291,4.697625,0.985
Site1,10/24/2022,5:11:00 PM,10/24/2022 17:11,10,17.705,35.96992,0.003613254,0.003534875,0.024608696,3.79627,0.985
Site1,10/24/2022,5:16:00 PM,10/24/2022 17:16,10,17.705,35.96992,0.003613254,0.003534875,0.024608696,3.79627,0.985
Site1,10/24/2022,5:21:00 PM,10/24/2022 17:21,10,17.494,34.85696,0.003501455,0.003517158,0.02425142,7.000958,0.985
Site1,10/24/2022,5:26:00 PM,10/24/2022 17:26,10,17.494,34.85696,0.003501455,0.003517158,0.02425142,7.000958,0.985
Site1,10/24/2022,5:31:00 PM,10/24/2022 17:31,10,17.334,18.71904,0.001880367,0.003503782,0.023983961,7.50259,0.985
Site1,10/24/2022,5:36:00 PM,10/24/2022 17:36,10,17.334,18.71904,0.001880367,0.003503782,0.023983961,7.50259,0.985
Site1,10/24/2022,5:41:00 PM,10/24/2022 17:41,10,17.097,11.01416,0.001106395,0.003484062,0.023593199,7.864318,0.985
Site1,10/24/2022,5:46:00 PM,10/24/2022 17:46,10,17.097,11.01416,0.001106395,0.003484062,0.023593199,7.864318,0.985
Site1,10/24/2022,5:51:00 PM,10/24/2022 17:51,10,16.936,7.24904,0.000728181,0.00347073,0.023331383,7.675448,0.985
Site1,10/24/2022,5:56:00 PM,10/24/2022 17:56,10,16.936,7.24904,0.000728181,0.00347073,0.023331383,7.675448,0.985
Site1,10/24/2022,6:01:00 PM,10/24/2022 18:01,10,16.732,3.05324,0.000306704,0.00345391,0.023003809,7.159812,0.985
Site1,10/24/2022,6:06:00 PM,10/24/2022 18:06,10,16.732,3.05324,0.000306704,0.00345391,0.023003809,7.159812,0.985
Site1,10/24/2022,6:11:00 PM,10/24/2022 18:11,10,16.52,0.743515,7.46876E-05,0.003436516,0.022668262,7.516545,0.985
Site1,10/24/2022,6:16:00 PM,10/24/2022 18:16,10,16.52,0.743515,7.46876E-05,0.003436516,0.022668262,7.516545,0.985
Site1,10/24/2022,6:21:00 PM,10/24/2022 18:21,10,16.358,0.063455,6.37419E-06,0.003423284,0.022415156,7.063867,0.985
Site1,10/24/2022,6:26:00 PM,10/24/2022 18:26,10,16.358,0.063455,6.37419E-06,0.003423284,0.022415156,7.063867,0.985
Site1,10/24/2022,6:31:00 PM,10/24/2022 18:31,10,16.222,0.0037,3.71673E-07,0.003412215,0.022204855,6.807048,0.985
Site1,10/24/2022,6:36:00 PM,10/24/2022 18:36,10,16.222,0.0037,3.71673E-07,0.003412215,0.022204855,6.807048,0.985
Site1,10/24/2022,6:41:00 PM,10/24/2022 18:41,10,16.052,0,0,0.003398429,0.021944752,6.831024,0.985
Site1,10/24/2022,6:46:00 PM,10/24/2022 18:46,10,16.052,0,0,0.003398429,0.021944752,6.831024,0.985
Site1,10/24/2022,6:51:00 PM,10/24/2022 18:51,10,15.975,0,0,0.003392203,0.021827945,5.872719,0.985
Site1,10/24/2022,6:56:00 PM,10/24/2022 18:56,10,15.975,0,0,0.003392203,0.021827945,5.872719,0.985
Site1,10/24/2022,7:01:00 PM,10/24/2022 19:01,10,15.873,0,0,0.003383973,0.02167417,6.979908,0.985
Site1,10/24/2022,7:06:00 PM,10/24/2022 19:06,10,15.873,0,0,0.003383973,0.02167417,6.979908,0.985
Site1,10/24/2022,7:11:00 PM,10/24/2022 19:11,10,15.77,0,0,0.003375683,0.021519988,7.160772,0.985
Site1,10/24/2022,7:16:00 PM,10/24/2022 19:16,10,15.77,0,0,0.003375683,0.021519988,7.160772,0.985
Site1,10/24/2022,7:21:00 PM,10/24/2022 19:21,10,15.667,0,0,0.003367413,0.021366902,7.123795,0.985
Site1,10/24/2022,7:26:00 PM,10/24/2022 19:26,10,15.667,0,0,0.003367413,0.021366902,7.123795,0.985
Site1,10/24/2022,7:31:00 PM,10/24/2022 19:31,10,15.565,0,0,0.003359243,0.021216375,7.05684,0.985
Site1,10/24/2022,7:36:00 PM,10/24/2022 19:36,10,15.565,0,0,0.003359243,0.021216375,7.05684,0.985
Site1,10/24/2022,7:41:00 PM,10/24/2022 19:41,10,15.488,0,0,0.003353089,0.021103446,6.95691,0.985
Site1,10/24/2022,7:46:00 PM,10/24/2022 19:46,10,15.488,0,0,0.003353089,0.021103446,6.95691,0.985
Site1,10/24/2022,7:51:00 PM,10/24/2022 19:51,10,15.402,0,0,0.003346229,0.020978027,6.744062,0.985
Site1,10/24/2022,7:56:00 PM,10/24/2022 19:56,10,15.402,0,0,0.003346229,0.020978027,6.744062,0.985
Site1,10/24/2022,8:01:00 PM,10/24/2022 20:01,10,15.308,0,0,0.003338746,0.020841793,6.78303,0.985
Site1,10/24/2022,8:06:00 PM,10/24/2022 20:06,10,15.308,0,0,0.003338746,0.020841793,6.78303,0.985
Site1,10/24/2022,8:11:00 PM,10/24/2022 20:11,10,15.239,0,0,0.003333265,0.020742355,6.676105,0.985
Site1,10/24/2022,8:16:00 PM,10/24/2022 20:16,10,15.239,0,0,0.003333265,0.020742355,6.676105,0.985
Site1,10/24/2022,8:21:00 PM,10/24/2022 20:21,10,15.17,0,0,0.003327792,0.020643392,6.646125,0.985
Site1,10/24/2022,8:26:00 PM,10/24/2022 20:26,10,15.17,0,0,0.003327792,0.020643392,6.646125,0.985
Site1,10/24/2022,8:31:00 PM,10/24/2022 20:31,10,15.119,0,0,0.003323753,0.020570549,6.516218,0.985
Site1,10/24/2022,8:36:00 PM,10/24/2022 20:36,10,15.119,0,0,0.003323753,0.020570549,6.516218,0.985
Site1,10/24/2022,8:41:00 PM,10/24/2022 20:41,10,15.05,0,0,0.003318296,0.020472405,6.637126,0.985
Site1,10/24/2022,8:46:00 PM,10/24/2022 20:46,10,15.05,0,0,0.003318296,0.020472405,6.637126,0.985
Site1,10/24/2022,8:51:00 PM,10/24/2022 20:51,10,14.998,0,0,0.003314189,0.020398751,6.463252,0.985
Site1,10/24/2022,8:56:00 PM,10/24/2022 20:56,10,14.998,0,0,0.003314189,0.020398751,6.463252,0.985
Site1,10/24/2022,9:01:00 PM,10/24/2022 21:01,10,14.964,0,0,0.003311507,0.020350737,6.127498,0.985
Site1,10/24/2022,9:06:00 PM,10/24/2022 21:06,10,14.964,0,0,0.003311507,0.020350737,6.127498,0.985
Site1,10/24/2022,9:11:00 PM,10/24/2022 21:11,10,14.895,0,0,0.00330607,0.020253642,5.941632,0.985
Site1,10/24/2022,9:16:00 PM,10/24/2022 21:16,10,14.895,0,0,0.00330607,0.020253642,5.941632,0.985
Site1,10/24/2022,9:21:00 PM,10/24/2022 21:21,10,14.861,0,0,0.003303394,0.020205968,6.231417,0.985
Site1,10/24/2022,9:26:00 PM,10/24/2022 21:26,10,14.861,0,0,0.003303394,0.020205968,6.231417,0.985
Site1,10/24/2022,9:31:00 PM,10/24/2022 21:31,10,14.809,0,0,0.003299306,0.020133273,6.26539,0.985
Site1,10/24/2022,9:36:00 PM,10/24/2022 21:36,10,14.809,0,0,0.003299306,0.020133273,6.26539,0.985
Site1,10/24/2022,9:41:00 PM,10/24/2022 21:41,10,14.783,0,0,0.003297264,0.020097024,6.304361,0.985
Site1,10/24/2022,9:46:00 PM,10/24/2022 21:46,10,14.783,0,0,0.003297264,0.020097024,6.304361,0.985
Site1,10/24/2022,9:51:00 PM,10/24/2022 21:51,10,14.74,0,0,0.003293889,0.020037216,6.067534,0.985
Site1,10/24/2022,9:56:00 PM,10/24/2022 21:56,10,14.74,0,0,0.003293889,0.020037216,6.067534,0.985
Site1,10/24/2022,10:01:00 PM,10/24/2022 22:01,10,14.688,0,0,0.003289813,0.019965128,6.371308,0.985
Site1,10/24/2022,10:06:00 PM,10/24/2022 22:06,10,14.688,0,0,0.003289813,0.019965128,6.371308,0.985
Site1,10/24/2022,10:11:00 PM,10/24/2022 22:11,10,14.637,0,0,0.00328582,0.019894678,6.448249,0.985
Site1,10/24/2022,10:16:00 PM,10/24/2022 22:16,10,14.637,0,0,0.00328582,0.019894678,6.448249,0.985
Site1,10/24/2022,10:21:00 PM,10/24/2022 22:21,10,14.602,0,0,0.003283082,0.019846474,6.277374,0.985
Site1,10/24/2022,10:26:00 PM,10/24/2022 22:26,10,14.602,0,0,0.003283082,0.019846474,6.277374,0.985
Site1,10/24/2022,10:31:00 PM,10/24/2022 22:31,10,14.567,0,0,0.003280347,0.019798387,6.456241,0.985
Site1,10/24/2022,10:36:00 PM,10/24/2022 22:36,10,14.567,0,0,0.003280347,0.019798387,6.456241,0.985
Site1,10/24/2022,10:41:00 PM,10/24/2022 22:41,10,14.55,0,0,0.003279019,0.019775072,6.430259,0.985
Site1,10/24/2022,10:46:00 PM,10/24/2022 22:46,10,14.55,0,0,0.003279019,0.019775072,6.430259,0.985
Site1,10/24/2022,10:51:00 PM,10/24/2022 22:51,10,14.507,0,0,0.003275663,0.019716222,6.493211,0.985
Site1,10/24/2022,10:56:00 PM,10/24/2022 22:56,10,14.507,0,0,0.003275663,0.019716222,6.493211,0.985
Site1,10/24/2022,11:01:00 PM,10/24/2022 23:01,10,14.455,0,0,0.003271609,0.019645289,6.427258,0.985
Site1,10/24/2022,11:06:00 PM,10/24/2022 23:06,10,14.455,0,0,0.003271609,0.019645289,6.427258,0.985
Site1,10/24/2022,11:11:00 PM,10/24/2022 23:11,10,14.438,0,0,0.003270285,0.019622155,6.343319,0.985
Site1,10/24/2022,11:16:00 PM,10/24/2022 23:16,10,14.438,0,0,0.003270285,0.019622155,6.343319,0.985
Site1,10/24/2022,11:21:00 PM,10/24/2022 23:21,10,14.395,0,0,0.003266938,0.01956376,6.391282,0.985
Site1,10/24/2022,11:26:00 PM,10/24/2022 23:26,10,14.395,0,0,0.003266938,0.01956376,6.391282,0.985
Site1,10/24/2022,11:31:00 PM,10/24/2022 23:31,10,14.395,0,0,0.003266938,0.01956376,6.397278,0.985
Site1,10/24/2022,11:36:00 PM,10/24/2022 23:36,10,14.395,0,0,0.003266938,0.01956376,6.397278,0.985
Site1,10/24/2022,11:41:00 PM,10/24/2022 23:41,10,14.369,0,0,0.003264916,0.019528536,6.27137,0.985
Site1,10/24/2022,11:46:00 PM,10/24/2022 23:46,10,14.369,0,0,0.003264916,0.019528536,6.27137,0.985
Site1,10/24/2022,11:51:00 PM,10/24/2022 23:51,10,14.36,0,0,0.003264216,0.019516358,6.247387,0.985
Site1,10/24/2022,11:56:00 PM,10/24/2022 23:56,10,14.36,0,0,0.003264216,0.019516358,6.247387,0.985
Site1,10/25/2022,12:01:00 AM,10/25/2022 0:01,10,14.334,0,0,0.117759974,0.748486236,6.218407,0.979
Site1,10/25/2022,12:06:00 AM,10/25/2022 0:06,10,14.334,0,0,0.117759974,0.748486236,6.218407,0.979
Site1,10/25/2022,12:11:00 AM,10/25/2022 0:11,10,14.334,0,0,0.117759974,0.748486236,5.405008,0.979
Site1,10/25/2022,12:16:00 AM,10/25/2022 0:16,10,14.334,0,0,0.117759974,0.748486236,5.405008,0.979
Site1,10/25/2022,12:21:00 AM,10/25/2022 0:21,10,14.343,0,0,0.117785216,0.74895329,4.923364,0.979
Site1,10/25/2022,12:26:00 AM,10/25/2022 0:26,10,14.343,0,0,0.117785216,0.74895329,4.923364,0.979
Site1,10/25/2022,12:31:00 AM,10/25/2022 0:31,10,14.317,0,0,0.117712309,0.747604818,4.580617,0.979
Site1,10/25/2022,12:36:00 AM,10/25/2022 0:36,10,14.317,0,0,0.117712309,0.747604818,4.580617,0.979
Site1,10/25/2022,12:41:00 AM,10/25/2022 0:41,10,14.334,0,0,0.117759974,0.748486236,4.04901,0.979
Site1,10/25/2022,12:46:00 AM,10/25/2022 0:46,10,14.334,0,0,0.117759974,0.748486236,4.04901,0.979
Site1,10/25/2022,12:51:00 AM,10/25/2022 0:51,10,14.325,0,0,0.117734737,0.748019473,3.47943,0.979
Site1,10/25/2022,12:56:00 AM,10/25/2022 0:56,10,14.325,0,0,0.117734737,0.748019473,3.47943,0.979
Site1,10/25/2022,1:01:00 AM,10/25/2022 1:01,10,14.317,0,0,0.117712309,0.747604818,2.778947,0.979
Site1,10/25/2022,1:06:00 AM,10/25/2022 1:06,10,14.317,0,0,0.117712309,0.747604818,2.778947,0.979
Site1,10/25/2022,1:11:00 AM,10/25/2022 1:11,10,14.36,0,0,0.11783291,0.749836298,2.247341,0.979
Site1,10/25/2022,1:16:00 AM,10/25/2022 1:16,10,14.36,0,0,0.11783291,0.749836298,2.247341,0.979
Site1,10/25/2022,1:21:00 AM,10/25/2022 1:21,10,14.36,0,0,0.11783291,0.749836298,1.798672,0.979
Site1,10/25/2022,1:26:00 AM,10/25/2022 1:26,10,14.36,0,0,0.11783291,0.749836298,1.798672,0.979
Site1,10/25/2022,1:31:00 AM,10/25/2022 1:31,10,14.412,0,0,0.117978917,0.752543732,1.155147,0.979
Site1,10/25/2022,1:36:00 AM,10/25/2022 1:36,10,14.412,0,0,0.117978917,0.752543732,1.155147,0.979
Site1,10/25/2022,1:41:00 AM,10/25/2022 1:41,10,14.421,0,0,0.118004206,0.753013318,0.885347,0.979
Site1,10/25/2022,1:46:00 AM,10/25/2022 1:46,10,14.421,0,0,0.118004206,0.753013318,0.885347,0.979
Site1,10/25/2022,1:51:00 AM,10/25/2022 1:51,10,14.421,0,0,0.118004206,0.753013318,0.747448,0.979
Site1,10/25/2022,1:56:00 AM,10/25/2022 1:56,10,14.421,0,0,0.118004206,0.753013318,0.747448,0.979
Site1,10/25/2022,2:01:00 AM,10/25/2022 2:01,10,14.412,0,0,0.117978917,0.752543732,0.714473,0.979
Site1,10/25/2022,2:06:00 AM,10/25/2022 2:06,10,14.412,0,0,0.117978917,0.752543732,0.714473,0.979
Site1,10/25/2022,2:11:00 AM,10/25/2022 2:11,10,14.438,0,0,0.118051988,0.753901113,0.75844,0.979
Site1,10/25/2022,2:16:00 AM,10/25/2022 2:16,10,14.438,0,0,0.118051988,0.753901113,0.75844,0.979
Site1,10/25/2022,2:21:00 AM,10/25/2022 2:21,10,14.438,0,0,0.118051988,0.753901113,0.74545,0.979
Site1,10/25/2022,2:26:00 AM,10/25/2022 2:26,10,14.438,0,0,0.118051988,0.753901113,0.74545,0.979
Site1,10/25/2022,2:31:00 AM,10/25/2022 2:31,10,14.429,0,0,0.118026689,0.753430974,1.316029,0.979
Site1,10/25/2022,2:36:00 AM,10/25/2022 2:36,10,14.429,0,0,0.118026689,0.753430974,1.316029,0.979
Site1,10/25/2022,2:41:00 AM,10/25/2022 2:41,10,14.429,0,0,0.118026689,0.753430974,0.823392,0.979
Site1,10/25/2022,2:46:00 AM,10/25/2022 2:46,10,14.429,0,0,0.118026689,0.753430974,0.823392,0.979
Site1,10/25/2022,2:51:00 AM,10/25/2022 2:51,10,14.429,0,0,0.118026689,0.753430974,0.69149,0.979
Site1,10/25/2022,2:56:00 AM,10/25/2022 2:56,10,14.429,0,0,0.118026689,0.753430974,0.69149,0.979
Site1,10/25/2022,3:01:00 AM,10/25/2022 3:01,10,14.447,0,0,0.118077293,0.754371546,0.734458,0.979
Site1,10/25/2022,3:06:00 AM,10/25/2022 3:06,10,14.447,0,0,0.118077293,0.754371546,0.734458,0.979
Site1,10/25/2022,3:11:00 AM,10/25/2022 3:11,10,14.455,0,0,0.11809979,0.754789955,0.781423,0.979
Site1,10/25/2022,3:16:00 AM,10/25/2022 3:16,10,14.455,0,0,0.11809979,0.754789955,0.781423,0.979
Site1,10/25/2022,3:21:00 AM,10/25/2022 3:21,10,14.455,0,0,0.11809979,0.754789955,0.847375,0.979
Site1,10/25/2022,3:26:00 AM,10/25/2022 3:26,10,14.455,0,0,0.11809979,0.754789955,0.847375,0.979
Site1,10/25/2022,3:31:00 AM,10/25/2022 3:31,10,14.455,0,0,0.11809979,0.754789955,0.794414,0.979
Site1,10/25/2022,3:36:00 AM,10/25/2022 3:36,10,14.455,0,0,0.11809979,0.754789955,0.794414,0.979
Site1,10/25/2022,3:41:00 AM,10/25/2022 3:41,10,14.464,0,0,0.118125105,0.755260942,0.675502,0.979
Site1,10/25/2022,3:46:00 AM,10/25/2022 3:46,10,14.464,0,0,0.118125105,0.755260942,0.675502,0.979
Site1,10/25/2022,3:51:00 AM,10/25/2022 3:51,10,14.481,0,0,0.118172937,0.756151387,0.689491,0.979
Site1,10/25/2022,3:56:00 AM,10/25/2022 3:56,10,14.481,0,0,0.118172937,0.756151387,0.689491,0.979
Site1,10/25/2022,4:01:00 AM,10/25/2022 4:01,10,14.481,0,0,0.118172937,0.756151387,0.570579,0.979
Site1,10/25/2022,4:06:00 AM,10/25/2022 4:06,10,14.481,0,0,0.118172937,0.756151387,0.570579,0.979
Site1,10/25/2022,4:11:00 AM,10/25/2022 4:11,10,14.49,0,0,0.118198267,0.756623224,0.523614,0.979
Site1,10/25/2022,4:16:00 AM,10/25/2022 4:16,10,14.49,0,0,0.118198267,0.756623224,0.523614,0.979
Site1,10/25/2022,4:21:00 AM,10/25/2022 4:21,10,14.481,0,0,0.118172937,0.756151387,0.48864,0.979
Site1,10/25/2022,4:26:00 AM,10/25/2022 4:26,10,14.481,0,0,0.118172937,0.756151387,0.48864,0.979
Site1,10/25/2022,4:31:00 AM,10/25/2022 4:31,10,14.498,0,0,0.118220788,0.757042882,0.464657,0.979
Site1,10/25/2022,4:36:00 AM,10/25/2022 4:36,10,14.498,0,0,0.118220788,0.757042882,0.464657,0.979
Site1,10/25/2022,4:41:00 AM,10/25/2022 4:41,10,14.507,0,0,0.118246128,0.757515275,0.477648,0.979
Site1,10/25/2022,4:46:00 AM,10/25/2022 4:46,10,14.507,0,0,0.118246128,0.757515275,0.477648,0.979
Site1,10/25/2022,4:51:00 AM,10/25/2022 4:51,10,14.542,0,0,0.118344727,0.759355164,0.464657,0.979
Site1,10/25/2022,4:56:00 AM,10/25/2022 4:56,10,14.542,0,0,0.118344727,0.759355164,0.464657,0.979
Site1,10/25/2022,5:01:00 AM,10/25/2022 5:01,10,14.533,0,0,0.118319365,0.758881623,0.434679,0.979
Site1,10/25/2022,5:06:00 AM,10/25/2022 5:06,10,14.533,0,0,0.118319365,0.758881623,0.434679,0.979
Site1,10/25/2022,5:11:00 AM,10/25/2022 5:11,10,14.542,0,0,0.118344727,0.759355164,0.398706,0.979
Site1,10/25/2022,5:16:00 AM,10/25/2022 5:16,10,14.542,0,0,0.118344727,0.759355164,0.398706,0.979
Site1,10/25/2022,5:21:00 AM,10/25/2022 5:21,10,14.559,0,0,0.118392648,0.760250436,0.398706,0.979
Site1,10/25/2022,5:26:00 AM,10/25/2022 5:26,10,14.559,0,0,0.118392648,0.760250436,0.398706,0.979
Site1,10/25/2022,5:31:00 AM,10/25/2022 5:31,10,14.593,0,0,0.118488547,0.762044147,0.399705,0.979
Site1,10/25/2022,5:36:00 AM,10/25/2022 5:36,10,14.593,0,0,0.118488547,0.762044147,0.399705,0.979
Site1,10/25/2022,5:41:00 AM,10/25/2022 5:41,10,14.593,0,0,0.118488547,0.762044147,0.402703,0.979
Site1,10/25/2022,5:46:00 AM,10/25/2022 5:46,10,14.593,0,0,0.118488547,0.762044147,0.402703,0.979
Site1,10/25/2022,5:51:00 AM,10/25/2022 5:51,10,14.611,0,0,0.118539349,0.762995472,0.462659,0.979
Site1,10/25/2022,5:56:00 AM,10/25/2022 5:56,10,14.611,0,0,0.118539349,0.762995472,0.462659,0.979
Site1,10/25/2022,6:01:00 AM,10/25/2022 6:01,10,14.628,0,0,0.118587348,0.763895036,0.449669,0.979
Site1,10/25/2022,6:06:00 AM,10/25/2022 6:06,10,14.628,0,0,0.118587348,0.763895036,0.449669,0.979
Site1,10/25/2022,6:11:00 AM,10/25/2022 6:11,10,14.645,0,0,0.118635367,0.76479566,0.429683,0.979
Site1,10/25/2022,6:16:00 AM,10/25/2022 6:16,10,14.645,0,0,0.118635367,0.76479566,0.429683,0.979
Site1,10/25/2022,6:21:00 AM,10/25/2022 6:21,10,14.662,0,0,0.118683405,0.765697347,0.456664,0.979
Site1,10/25/2022,6:26:00 AM,10/25/2022 6:26,10,14.662,0,0,0.118683405,0.765697347,0.456664,0.979
Site1,10/25/2022,6:31:00 AM,10/25/2022 6:31,10,14.662,0,0,0.118683405,0.765697347,0.433681,0.979
Site1,10/25/2022,6:36:00 AM,10/25/2022 6:36,10,14.662,0,0,0.118683405,0.765697347,0.433681,0.979
Site1,10/25/2022,6:41:00 AM,10/25/2022 6:41,10,14.697,0.018685,1.38131E-05,0.118782368,0.767557108,0.399706,0.979
Site1,10/25/2022,6:46:00 AM,10/25/2022 6:46,10,14.697,0.018685,1.38131E-05,0.118782368,0.767557108,0.399706,0.979
Site1,10/25/2022,6:51:00 AM,10/25/2022 6:51,10,14.714,0.17945,0.000132661,0.118830466,0.76846205,0.756443,0.979
Site1,10/25/2022,6:56:00 AM,10/25/2022 6:56,10,14.714,0.17945,0.000132661,0.118830466,0.76846205,0.756443,0.979
Site1,10/25/2022,7:01:00 AM,10/25/2022 7:01,10,14.731,1.15958,0.000857235,0.118878583,0.769368059,1.947566,0.979
Site1,10/25/2022,7:06:00 AM,10/25/2022 7:06,10,14.731,1.15958,0.000857235,0.118878583,0.769368059,1.947566,0.979
Site1,10/25/2022,7:11:00 AM,10/25/2022 7:11,10,14.766,2.60184,0.001923444,0.118977709,0.771236736,1.447934,0.979
Site1,10/25/2022,7:16:00 AM,10/25/2022 7:16,10,14.766,2.60184,0.001923444,0.118977709,0.771236736,1.447934,0.979
Site1,10/25/2022,7:21:00 AM,10/25/2022 7:21,10,14.775,12.12416,0.008962943,0.119003212,0.771717987,1.143159,0.979
Site1,10/25/2022,7:26:00 AM,10/25/2022 7:26,10,14.775,12.12416,0.008962943,0.119003212,0.771717987,1.143159,0.979
Site1,10/25/2022,7:31:00 AM,10/25/2022 7:31,10,14.792,19.82608,0.014656687,0.119051399,0.772627834,0.976282,0.979
Site1,10/25/2022,7:36:00 AM,10/25/2022 7:36,10,14.792,19.82608,0.014656687,0.119051399,0.772627834,0.976282,0.979
Site1,10/25/2022,7:41:00 AM,10/25/2022 7:41,10,14.809,31.08,0.022976294,0.119099606,0.773538754,0.840382,0.979
Site1,10/25/2022,7:46:00 AM,10/25/2022 7:46,10,14.809,31.08,0.022976294,0.119099606,0.773538754,0.840382,0.979
Site1,10/25/2022,7:51:00 AM,10/25/2022 7:51,10,14.852,28.99616,0.021435788,0.119221628,0.775847644,0.741455,0.979
Site1,10/25/2022,7:56:00 AM,10/25/2022 7:56,10,14.852,28.99616,0.021435788,0.119221628,0.775847644,0.741455,0.979
Site1,10/25/2022,8:01:00 AM,10/25/2022 8:01,10,14.852,51.95392,0.038407611,0.119221628,0.775847644,0.635533,0.979
Site1,10/25/2022,8:06:00 AM,10/25/2022 8:06,10,14.852,51.95392,0.038407611,0.119221628,0.775847644,0.635533,0.979
Site1,10/25/2022,8:11:00 AM,10/25/2022 8:11,10,14.878,60.07616,0.044412082,0.119295469,0.777247058,0.552594,0.979
Site1,10/25/2022,8:16:00 AM,10/25/2022 8:16,10,14.878,60.07616,0.044412082,0.119295469,0.777247058,0.552594,0.979
Site1,10/25/2022,8:21:00 AM,10/25/2022 8:21,10,14.912,53.872,0.039825577,0.119392099,0.779080871,0.445672,0.979
Site1,10/25/2022,8:26:00 AM,10/25/2022 8:26,10,14.912,53.872,0.039825577,0.119392099,0.779080871,0.445672,0.979
Site1,10/25/2022,8:31:00 AM,10/25/2022 8:31,10,14.921,20.572,0.015208119,0.119417691,0.779567016,0.351741,0.979
Site1,10/25/2022,8:36:00 AM,10/25/2022 8:36,10,14.921,20.572,0.015208119,0.119417691,0.779567016,0.351741,0.979
Site1,10/25/2022,8:41:00 AM,10/25/2022 8:41,10,14.93,46.4128,0.034311266,0.119443288,0.780053464,0.282792,0.979
Site1,10/25/2022,8:46:00 AM,10/25/2022 8:46,10,14.93,46.4128,0.034311266,0.119443288,0.780053464,0.282792,0.979
Site1,10/25/2022,8:51:00 AM,10/25/2022 8:51,10,14.981,12.9056,0.009540633,0.119588443,0.782815744,3.27959,0.979
Site1,10/25/2022,8:56:00 AM,10/25/2022 8:56,10,14.981,12.9056,0.009540633,0.119588443,0.782815744,3.27959,0.979
Site1,10/25/2022,9:01:00 AM,10/25/2022 9:01,10,15.041,25.00608,0.01848607,0.119759439,0.78607801,3.426484,0.979
Site1,10/25/2022,9:06:00 AM,10/25/2022 9:06,10,15.041,25.00608,0.01848607,0.119759439,0.78607801,3.426484,0.979
Site1,10/25/2022,9:11:00 AM,10/25/2022 9:11,10,15.076,30.77216,0.022748719,0.1198593,0.787987273,3.095727,0.979
Site1,10/25/2022,9:16:00 AM,10/25/2022 9:16,10,15.076,30.77216,0.022748719,0.1198593,0.787987273,3.095727,0.979
Site1,10/25/2022,9:21:00 AM,10/25/2022 9:21,10,15.11,16.3096,0.012057084,0.119956387,0.789846426,2.210378,0.979
Site1,10/25/2022,9:26:00 AM,10/25/2022 9:26,10,15.11,16.3096,0.012057084,0.119956387,0.789846426,2.210378,0.979
Site1,10/25/2022,9:31:00 AM,10/25/2022 9:31,10,15.162,15.244,0.011269325,0.120105026,0.792698325,1.624808,0.979
Site1,10/25/2022,9:36:00 AM,10/25/2022 9:36,10,15.162,15.244,0.011269325,0.120105026,0.792698325,1.624808,0.979
Site1,10/25/2022,9:41:00 AM,10/25/2022 9:41,10,15.162,27.50432,0.020332926,0.120105026,0.792698325,1.285057,0.979
Site1,10/25/2022,9:46:00 AM,10/25/2022 9:46,10,15.162,27.50432,0.020332926,0.120105026,0.792698325,1.285057,0.979
Site1,10/25/2022,9:51:00 AM,10/25/2022 9:51,10,15.187,15.75312,0.011645699,0.120176552,0.794073093,0.783425,0.979
Site1,10/25/2022,9:56:00 AM,10/25/2022 9:56,10,15.187,15.75312,0.011645699,0.120176552,0.794073093,0.783425,0.979
Site1,10/25/2022,10:01:00 AM,10/25/2022 10:01,10,15.222,23.86352,0.017641417,0.12027676,0.796001775,0.520618,0.979
Site1,10/25/2022,10:06:00 AM,10/25/2022 10:06,10,15.222,23.86352,0.017641417,0.12027676,0.796001775,0.520618,0.979
Site1,10/25/2022,10:11:00 AM,10/25/2022 10:11,10,15.265,16.20304,0.011978308,0.120399988,0.798377713,0.563587,0.979
Site1,10/25/2022,10:16:00 AM,10/25/2022 10:16,10,15.265,16.20304,0.011978308,0.120399988,0.798377713,0.563587,0.979
Site1,10/25/2022,10:21:00 AM,10/25/2022 10:21,10,15.299,27.50432,0.020332926,0.120497513,0.800261381,0.434681,0.979
Site1,10/25/2022,10:26:00 AM,10/25/2022 10:26,10,15.299,27.50432,0.020332926,0.120497513,0.800261381,0.434681,0.979
Site1,10/25/2022,10:31:00 AM,10/25/2022 10:31,10,15.316,34.32416,0.025374582,0.120546305,0.801204881,0.310772,0.979
Site1,10/25/2022,10:36:00 AM,10/25/2022 10:36,10,15.316,34.32416,0.025374582,0.120546305,0.801204881,0.310772,0.979
Site1,10/25/2022,10:41:00 AM,10/25/2022 10:41,10,15.385,38.75232,0.028648156,0.120744547,0.805045814,0.277797,0.979
Site1,10/25/2022,10:46:00 AM,10/25/2022 10:46,10,15.385,38.75232,0.028648156,0.120744547,0.805045814,0.277797,0.979
Site1,10/25/2022,10:51:00 AM,10/25/2022 10:51,10,15.471,116.88448,0.086408372,0.120992088,0.809858852,0.266805,0.979
Site1,10/25/2022,10:56:00 AM,10/25/2022 10:56,10,15.471,116.88448,0.086408372,0.120992088,0.809858852,0.266805,0.979
Site1,10/25/2022,11:01:00 AM,10/25/2022 11:01,10,15.625,278.66624,0.206007642,0.121436627,0.81854956,0.468657,0.979
Site1,10/25/2022,11:06:00 AM,10/25/2022 11:06,10,15.625,278.66624,0.206007642,0.121436627,0.81854956,0.468657,0.979
Site1,10/25/2022,11:11:00 AM,10/25/2022 11:11,10,15.821,348.19072,0.257404518,0.122004767,0.829745475,0.76744,0.979
Site1,10/25/2022,11:16:00 AM,10/25/2022 11:16,10,15.821,348.19072,0.257404518,0.122004767,0.829745475,0.76744,0.979
Site1,10/25/2022,11:21:00 AM,10/25/2022 11:21,10,15.864,56.52416,0.04178622,0.122129765,0.832222132,2.716019,0.979
Site1,10/25/2022,11:26:00 AM,10/25/2022 11:26,10,15.864,56.52416,0.04178622,0.122129765,0.832222132,2.716019,0.979
Site1,10/25/2022,11:31:00 AM,10/25/2022 11:31,10,15.787,21.83296,0.0161403,0.121906022,0.827792406,4.926404,0.979
Site1,10/25/2022,11:36:00 AM,10/25/2022 11:36,10,15.787,21.83296,0.0161403,0.121906022,0.827792406,4.926404,0.979
Site1,10/25/2022,11:41:00 AM,10/25/2022 11:41,10,15.787,52.90112,0.039107841,0.121906022,0.827792406,4.490722,0.979
Site1,10/25/2022,11:46:00 AM,10/25/2022 11:46,10,15.787,52.90112,0.039107841,0.121906022,0.827792406,4.490722,0.979
Site1,10/25/2022,11:51:00 AM,10/25/2022 11:51,10,15.838,92.54144,0.068412463,0.122054169,0.830723736,3.68631,0.979
Site1,10/25/2022,11:56:00 AM,10/25/2022 11:56,10,15.838,92.54144,0.068412463,0.122054169,0.830723736,3.68631,0.979
Site1,10/25/2022,12:01:00 PM,10/25/2022 12:01,10,15.932,82.24064,0.060797463,0.122327698,0.836153804,3.217654,0.979
Site1,10/25/2022,12:06:00 PM,10/25/2022 12:06,10,15.932,82.24064,0.060797463,0.122327698,0.836153804,3.217654,0.979
Site1,10/25/2022,12:11:00 PM,10/25/2022 12:11,10,16.001,82.78528,0.061200095,0.122528869,0.840162281,3.325577,0.979
Site1,10/25/2022,12:16:00 PM,10/25/2022 12:16,10,16.001,82.78528,0.061200095,0.122528869,0.840162281,3.325577,0.979
Site1,10/25/2022,12:21:00 PM,10/25/2022 12:21,10,16.094,180.39424,0.133358788,0.122800537,0.845595432,4.244909,0.979
Site1,10/25/2022,12:26:00 PM,10/25/2022 12:26,10,16.094,180.39424,0.133358788,0.122800537,0.845595432,4.244909,0.979
Site1,10/25/2022,12:31:00 PM,10/25/2022 12:31,10,16.197,51.7408,0.038250059,0.123102119,0.851653808,4.894439,0.979
Site1,10/25/2022,12:36:00 PM,10/25/2022 12:36,10,16.197,51.7408,0.038250059,0.123102119,0.851653808,4.894439,0.979
Site1,10/25/2022,12:41:00 PM,10/25/2022 12:41,10,16.171,38.3616,0.028359312,0.123025922,0.850120426,4.703577,0.979
Site1,10/25/2022,12:46:00 PM,10/25/2022 12:46,10,16.171,38.3616,0.028359312,0.123025922,0.850120426,4.703577,0.979
Site1,10/25/2022,12:51:00 PM,10/25/2022 12:51,10,16.197,20.11024,0.014866756,0.123102119,0.851653808,3.715297,0.979
Site1,10/25/2022,12:56:00 PM,10/25/2022 12:56,10,16.197,20.11024,0.014866756,0.123102119,0.851653808,3.715297,0.979
Site1,10/25/2022,1:01:00 PM,10/25/2022 13:01,10,16.214,14.8592,0.010984857,0.123151966,0.852657899,3.075762,0.979
Site1,10/25/2022,1:06:00 PM,10/25/2022 13:06,10,16.214,14.8592,0.010984857,0.123151966,0.852657899,3.075762,0.979
Site1,10/25/2022,1:11:00 PM,10/25/2022 13:11,10,16.256,17.908,0.013238722,0.123275204,0.855143673,2.431232,0.979
Site1,10/25/2022,1:16:00 PM,10/25/2022 13:16,10,16.256,17.908,0.013238722,0.123275204,0.855143673,2.431232,0.979
Site1,10/25/2022,1:21:00 PM,10/25/2022 13:21,10,16.358,25.2192,0.018643622,0.123575009,0.861210765,1.968569,0.979
Site1,10/25/2022,1:26:00 PM,10/25/2022 13:26,10,16.358,25.2192,0.018643622,0.123575009,0.861210765,1.968569,0.979
Site1,10/25/2022,1:31:00 PM,10/25/2022 13:31,10,16.392,52.40384,0.03874022,0.123675106,0.863242679,1.386992,0.979
Site1,10/25/2022,1:36:00 PM,10/25/2022 13:36,10,16.392,52.40384,0.03874022,0.123675106,0.863242679,1.386992,0.979
Site1,10/25/2022,1:41:00 PM,10/25/2022 13:41,10,16.562,29.1856,0.021575834,0.124176808,0.873474389,3.61138,0.979
Site1,10/25/2022,1:46:00 PM,10/25/2022 13:46,10,16.562,29.1856,0.021575834,0.124176808,0.873474389,3.61138,0.979
Site1,10/25/2022,1:51:00 PM,10/25/2022 13:51,10,16.537,18.18032,0.013440038,0.124102901,0.871962154,4.551697,0.979
Site1,10/25/2022,1:56:00 PM,10/25/2022 13:56,10,16.537,18.18032,0.013440038,0.124102901,0.871962154,4.551697,0.979
Site1,10/25/2022,2:01:00 PM,10/25/2022 14:01,10,16.588,9.05168,0.006691572,0.124253718,0.875049895,3.745283,0.979
Site1,10/25/2022,2:06:00 PM,10/25/2022 14:06,10,16.588,9.05168,0.006691572,0.124253718,0.875049895,3.745283,0.979
Site1,10/25/2022,2:11:00 PM,10/25/2022 14:11,10,16.63,8.70832,0.006437739,0.124378058,0.877600949,3.901171,0.979
Site1,10/25/2022,2:16:00 PM,10/25/2022 14:16,10,16.63,8.70832,0.006437739,0.124378058,0.877600949,3.901171,0.979
Site1,10/25/2022,2:21:00 PM,10/25/2022 14:21,10,16.622,10.52576,0.007781305,0.124354365,0.877114461,2.311324,0.979
Site1,10/25/2022,2:26:00 PM,10/25/2022 14:26,10,16.622,10.52576,0.007781305,0.124354365,0.877114461,2.311324,0.979
Site1,10/25/2022,2:31:00 PM,10/25/2022 14:31,10,16.579,10.65304,0.007875398,0.12422709,0.874504206,1.909615,0.979
Site1,10/25/2022,2:36:00 PM,10/25/2022 14:36,10,16.579,10.65304,0.007875398,0.12422709,0.874504206,1.909615,0.979
Site1,10/25/2022,2:41:00 PM,10/25/2022 14:41,10,16.571,11.88144,0.008783509,0.124203425,0.874019435,1.074221,0.979
Site1,10/25/2022,2:46:00 PM,10/25/2022 14:46,10,16.571,11.88144,0.008783509,0.124203425,0.874019435,1.074221,0.979
Site1,10/25/2022,2:51:00 PM,10/25/2022 14:51,10,16.571,3.7888,0.00280092,0.124203425,0.874019435,0.708486,0.979
Site1,10/25/2022,2:56:00 PM,10/25/2022 14:56,10,16.571,3.7888,0.00280092,0.124203425,0.874019435,0.708486,0.979
Site1,10/25/2022,3:01:00 PM,10/25/2022 15:01,10,16.545,3.35072,0.002477063,0.124126546,0.872445784,0.502635,0.979
Site1,10/25/2022,3:06:00 PM,10/25/2022 15:06,10,16.545,3.35072,0.002477063,0.124126546,0.872445784,0.502635,0.979
Site1,10/25/2022,3:11:00 PM,10/25/2022 15:11,10,16.554,1.8759,0.001386783,0.124153153,0.872990189,0.368732,0.979
Site1,10/25/2022,3:16:00 PM,10/25/2022 15:16,10,16.554,1.8759,0.001386783,0.124153153,0.872990189,0.368732,0.979
Site1,10/25/2022,3:21:00 PM,10/25/2022 15:21,10,16.562,2.01206,0.001487442,0.124176808,0.873474389,0.297784,0.979
Site1,10/25/2022,3:26:00 PM,10/25/2022 15:26,10,16.562,2.01206,0.001487442,0.124176808,0.873474389,0.297784,0.979
Site1,10/25/2022,3:31:00 PM,10/25/2022 15:31,10,16.52,1.83076,0.001353413,0.124052669,0.87093533,0.299782,0.979
Site1,10/25/2022,3:36:00 PM,10/25/2022 15:36,10,16.52,1.83076,0.001353413,0.124052669,0.87093533,0.299782,0.979
Site1,10/25/2022,3:41:00 PM,10/25/2022 15:41,10,16.503,1.74122,0.00128722,0.124002458,0.869909716,1.371005,0.979
Site1,10/25/2022,3:46:00 PM,10/25/2022 15:46,10,16.503,1.74122,0.00128722,0.124002458,0.869909716,1.371005,0.979
Site1,10/25/2022,3:51:00 PM,10/25/2022 15:51,10,16.52,3.0229,0.002234718,0.124052669,0.87093533,6.633186,0.979
Site1,10/25/2022,3:56:00 PM,10/25/2022 15:56,10,16.52,3.0229,0.002234718,0.124052669,0.87093533,6.633186,0.979
Site1,10/25/2022,4:01:00 PM,10/25/2022 16:01,10,16.486,3.90868,0.002889543,0.123952267,0.868885309,6.421338,0.979
Site1,10/25/2022,4:06:00 PM,10/25/2022 16:06,10,16.486,3.90868,0.002889543,0.123952267,0.868885309,6.421338,0.979
Site1,10/25/2022,4:11:00 PM,10/25/2022 16:11,10,16.435,14.70528,0.010871069,0.123801815,0.86581932,5.247189,0.979
Site1,10/25/2022,4:16:00 PM,10/25/2022 16:16,10,16.435,14.70528,0.010871069,0.123801815,0.86581932,5.247189,0.979
Site1,10/25/2022,4:21:00 PM,10/25/2022 16:21,10,16.418,18.35792,0.013571331,0.123751705,0.86479973,6.146536,0.979
Site1,10/25/2022,4:26:00 PM,10/25/2022 16:26,10,16.418,18.35792,0.013571331,0.123751705,0.86479973,6.146536,0.979
Site1,10/25/2022,4:31:00 PM,10/25/2022 16:31,10,16.418,19.34656,0.014302196,0.123751705,0.86479973,5.16325,0.979
Site1,10/25/2022,4:36:00 PM,10/25/2022 16:36,10,16.418,19.34656,0.014302196,0.123751705,0.86479973,5.16325,0.979
Site1,10/25/2022,4:41:00 PM,10/25/2022 16:41,10,16.409,24.65088,0.018223484,0.123725185,0.864260434,2.142444,0.979
Site1,10/25/2022,4:46:00 PM,10/25/2022 16:46,10,16.409,24.65088,0.018223484,0.123725185,0.864260434,2.142444,0.979
Site1,10/25/2022,4:51:00 PM,10/25/2022 16:51,10,16.401,30.51168,0.022556156,0.123701616,0.863781341,3.46948,0.979
Site1,10/25/2022,4:56:00 PM,10/25/2022 16:56,10,16.401,30.51168,0.022556156,0.123701616,0.863781341,3.46948,0.979
Site1,10/25/2022,5:01:00 PM,10/25/2022 17:01,10,16.418,25.94144,0.019177547,0.123751705,0.86479973,4.142991,0.979
Site1,10/25/2022,5:06:00 PM,10/25/2022 17:06,10,16.418,25.94144,0.019177547,0.123751705,0.86479973,4.142991,0.979
Site1,10/25/2022,5:11:00 PM,10/25/2022 17:11,10,16.435,17.92576,0.013251851,0.123801815,0.86581932,4.761542,0.979
Site1,10/25/2022,5:16:00 PM,10/25/2022 17:16,10,16.435,17.92576,0.013251851,0.123801815,0.86581932,4.761542,0.979
Site1,10/25/2022,5:21:00 PM,10/25/2022 17:21,10,16.435,10.04624,0.007426814,0.123801815,0.86581932,6.764088,0.979
Site1,10/25/2022,5:26:00 PM,10/25/2022 17:26,10,16.435,10.04624,0.007426814,0.123801815,0.86581932,6.764088,0.979
Site1,10/25/2022,5:31:00 PM,10/25/2022 17:31,10,16.435,6.67184,0.004932244,0.123801815,0.86581932,6.975934,0.979
Site1,10/25/2022,5:36:00 PM,10/25/2022 17:36,10,16.435,6.67184,0.004932244,0.123801815,0.86581932,6.975934,0.979
Site1,10/25/2022,5:41:00 PM,10/25/2022 17:41,10,16.401,4.87068,0.003600714,0.123701616,0.863781341,6.966939,0.979
Site1,10/25/2022,5:46:00 PM,10/25/2022 17:46,10,16.401,4.87068,0.003600714,0.123701616,0.863781341,6.966939,0.979
Site1,10/25/2022,5:51:00 PM,10/25/2022 17:51,10,16.316,2.75132,0.002033949,0.123451471,0.858707355,6.944952,0.979
Site1,10/25/2022,5:56:00 PM,10/25/2022 17:56,10,16.316,2.75132,0.002033949,0.123451471,0.858707355,6.944952,0.979
Site1,10/25/2022,6:01:00 PM,10/25/2022 18:01,10,16.239,1.05117,0.000777091,0.123225307,0.854136655,6.773074,0.979
Site1,10/25/2022,6:06:00 PM,10/25/2022 18:06,10,16.239,1.05117,0.000777091,0.123225307,0.854136655,6.773074,0.979
Site1,10/25/2022,6:11:00 PM,10/25/2022 18:11,10,16.137,0.20942,0.000154816,0.12292635,0.848119399,6.586206,0.979
Site1,10/25/2022,6:16:00 PM,10/25/2022 18:16,10,16.137,0.20942,0.000154816,0.12292635,0.848119399,6.586206,0.979
Site1,10/25/2022,6:21:00 PM,10/25/2022 18:21,10,16.009,0.0148,1.09411E-05,0.122552215,0.840628273,6.42232,0.979
Site1,10/25/2022,6:26:00 PM,10/25/2022 18:26,10,16.009,0.0148,1.09411E-05,0.122552215,0.840628273,6.42232,0.979
Site1,10/25/2022,6:31:00 PM,10/25/2022 18:31,10,15.898,0,0,0.122228691,0.834185651,6.365358,0.979
Site1,10/25/2022,6:36:00 PM,10/25/2022 18:36,10,15.898,0,0,0.122228691,0.834185651,6.365358,0.979
Site1,10/25/2022,6:41:00 PM,10/25/2022 18:41,10,15.813,0,0,0.121981525,0.829285515,6.35836,0.979
Site1,10/25/2022,6:46:00 PM,10/25/2022 18:46,10,15.813,0,0,0.121981525,0.829285515,6.35836,0.979
Site1,10/25/2022,6:51:00 PM,10/25/2022 18:51,10,15.787,0,0,0.121906022,0.827792406,6.341371,0.979
Site1,10/25/2022,6:56:00 PM,10/25/2022 18:56,10,15.787,0,0,0.121906022,0.827792406,6.341371,0.979
Site1,10/25/2022,7:01:00 PM,10/25/2022 19:01,10,15.744,0,0,0.121781253,0.825328932,6.370348,0.979
Site1,10/25/2022,7:06:00 PM,10/25/2022 19:06,10,15.744,0,0,0.121781253,0.825328932,6.370348,0.979
Site1,10/25/2022,7:11:00 PM,10/25/2022 19:11,10,15.693,0,0,0.121633436,0.822416639,6.407319,0.979
Site1,10/25/2022,7:16:00 PM,10/25/2022 19:16,10,15.693,0,0,0.121633436,0.822416639,6.407319,0.979
Site1,10/25/2022,7:21:00 PM,10/25/2022 19:21,10,15.667,0,0,0.121558148,0.820935897,6.462278,0.979
Site1,10/25/2022,7:26:00 PM,10/25/2022 19:26,10,15.667,0,0,0.121558148,0.820935897,6.462278,0.979
Site1,10/25/2022,7:31:00 PM,10/25/2022 19:31,10,15.659,0,0,0.121534992,0.820480821,6.521235,0.979
Site1,10/25/2022,7:36:00 PM,10/25/2022 19:36,10,15.659,0,0,0.121534992,0.820480821,6.521235,0.979
Site1,10/25/2022,7:41:00 PM,10/25/2022 19:41,10,15.642,0,0,0.121485799,0.819514622,6.528229,0.979
Site1,10/25/2022,7:46:00 PM,10/25/2022 19:46,10,15.642,0,0,0.121485799,0.819514622,6.528229,0.979
Site1,10/25/2022,7:51:00 PM,10/25/2022 19:51,10,15.625,0,0,0.121436627,0.81854956,6.544217,0.979
Site1,10/25/2022,7:56:00 PM,10/25/2022 19:56,10,15.625,0,0,0.121436627,0.81854956,6.544217,0.979
Site1,10/25/2022,8:01:00 PM,10/25/2022 20:01,10,15.633,0,0,0.121459764,0.819003565,6.5672,0.979
Site1,10/25/2022,8:06:00 PM,10/25/2022 20:06,10,15.633,0,0,0.121459764,0.819003565,6.5672,0.979
Site1,10/25/2022,8:11:00 PM,10/25/2022 20:11,10,15.625,0,0,0.121436627,0.81854956,6.573196,0.979
Site1,10/25/2022,8:16:00 PM,10/25/2022 20:16,10,15.625,0,0,0.121436627,0.81854956,6.573196,0.979
Site1,10/25/2022,8:21:00 PM,10/25/2022 20:21,10,15.616,0,0,0.121410602,0.818039106,6.542218,0.979
Site1,10/25/2022,8:26:00 PM,10/25/2022 20:26,10,15.616,0,0,0.121410602,0.818039106,6.542218,0.979
Site1,10/25/2022,8:31:00 PM,10/25/2022 20:31,10,15.599,0,0,0.12136146,0.817075782,6.560204,0.979
Site1,10/25/2022,8:36:00 PM,10/25/2022 20:36,10,15.599,0,0,0.12136146,0.817075782,6.560204,0.979
Site1,10/25/2022,8:41:00 PM,10/25/2022 20:41,10,15.548,0,0,0.121214154,0.814192611,6.564199,0.979
Site1,10/25/2022,8:46:00 PM,10/25/2022 20:46,10,15.548,0,0,0.121214154,0.814192611,6.564199,0.979
Site1,10/25/2022,8:51:00 PM,10/25/2022 20:51,10,15.513,0,0,0.121113164,0.812219853,6.560201,0.979
Site1,10/25/2022,8:56:00 PM,10/25/2022 20:56,10,15.513,0,0,0.121113164,0.812219853,6.560201,0.979
Site1,10/25/2022,9:01:00 PM,10/25/2022 21:01,10,15.462,0,0,0.120966159,0.809353817,6.571191,0.979
Site1,10/25/2022,9:06:00 PM,10/25/2022 21:06,10,15.462,0,0,0.120966159,0.809353817,6.571191,0.979
Site1,10/25/2022,9:11:00 PM,10/25/2022 21:11,10,15.436,0,0,0.120891283,0.807896595,6.582182,0.979
Site1,10/25/2022,9:16:00 PM,10/25/2022 21:16,10,15.436,0,0,0.120891283,0.807896595,6.582182,0.979
Site1,10/25/2022,9:21:00 PM,10/25/2022 21:21,10,15.436,0,0,0.120891283,0.807896595,6.572189,0.979
Site1,10/25/2022,9:26:00 PM,10/25/2022 21:26,10,15.436,0,0,0.120891283,0.807896595,6.572189,0.979
Site1,10/25/2022,9:31:00 PM,10/25/2022 21:31,10,15.402,0,0,0.12079344,0.805994955,6.562195,0.979
Site1,10/25/2022,9:36:00 PM,10/25/2022 21:36,10,15.402,0,0,0.12079344,0.805994955,6.562195,0.979
Site1,10/25/2022,9:41:00 PM,10/25/2022 21:41,10,15.351,0,0,0.120646822,0.803150885,6.579181,0.979
Site1,10/25/2022,9:46:00 PM,10/25/2022 21:46,10,15.351,0,0,0.120646822,0.803150885,6.579181,0.979
Site1,10/25/2022,9:51:00 PM,10/25/2022 21:51,10,15.308,0,0,0.120523342,0.800760742,6.584175,0.979
Site1,10/25/2022,9:56:00 PM,10/25/2022 21:56,10,15.308,0,0,0.120523342,0.800760742,6.584175,0.979
Site1,10/25/2022,10:01:00 PM,10/25/2022 22:01,10,15.29,0,0,0.12047169,0.799762331,6.573183,0.979
Site1,10/25/2022,10:06:00 PM,10/25/2022 22:06,10,15.29,0,0,0.12047169,0.799762331,6.573183,0.979
Site1,10/25/2022,10:11:00 PM,10/25/2022 22:11,10,15.256,0,0,0.120374186,0.797879837,6.58817,0.979
Site1,10/25/2022,10:16:00 PM,10/25/2022 22:16,10,15.256,0,0,0.120374186,0.797879837,6.58817,0.979
Site1,10/25/2022,10:21:00 PM,10/25/2022 22:21,10,15.213,0,0,0.120250984,0.795505381,6.602158,0.979
Site1,10/25/2022,10:26:00 PM,10/25/2022 22:26,10,15.213,0,0,0.120250984,0.795505381,6.602158,0.979
Site1,10/25/2022,10:31:00 PM,10/25/2022 22:31,10,15.179,0,0,0.120153659,0.793632908,6.622142,0.979
Site1,10/25/2022,10:36:00 PM,10/25/2022 22:36,10,15.179,0,0,0.120153659,0.793632908,6.622142,0.979
Site1,10/25/2022,10:41:00 PM,10/25/2022 22:41,10,15.145,0,0,0.120056412,0.791764842,6.640128,0.979
Site1,10/25/2022,10:46:00 PM,10/25/2022 22:46,10,15.145,0,0,0.120056412,0.791764842,6.640128,0.979
Site1,10/25/2022,10:51:00 PM,10/25/2022 22:51,10,15.127,0,0,0.12000496,0.790777647,6.66311,0.979
Site1,10/25/2022,10:56:00 PM,10/25/2022 22:56,10,15.127,0,0,0.12000496,0.790777647,6.66311,0.979
Site1,10/25/2022,11:01:00 PM,10/25/2022 23:01,10,15.119,0,0,0.1199821,0.790339289,6.652118,0.979
Site1,10/25/2022,11:06:00 PM,10/25/2022 23:06,10,15.119,0,0,0.1199821,0.790339289,6.652118,0.979
Site1,10/25/2022,11:11:00 PM,10/25/2022 23:11,10,15.127,0,0,0.12000496,0.790777647,6.638129,0.979
Site1,10/25/2022,11:16:00 PM,10/25/2022 23:16,10,15.127,0,0,0.12000496,0.790777647,6.638129,0.979
Site1,10/25/2022,11:21:00 PM,10/25/2022 23:21,10,15.11,0,0,0.119956387,0.789846426,6.66311,0.979
Site1,10/25/2022,11:26:00 PM,10/25/2022 23:26,10,15.11,0,0,0.119956387,0.789846426,6.66311,0.979
Site1,10/25/2022,11:31:00 PM,10/25/2022 23:31,10,15.093,0,0,0.119907834,0.788916302,6.713072,0.979
Site1,10/25/2022,11:36:00 PM,10/25/2022 23:36,10,15.093,0,0,0.119907834,0.788916302,6.713072,0.979
Site1,10/25/2022,11:41:00 PM,10/25/2022 23:41,10,15.076,0,0,0.1198593,0.787987273,6.653116,0.979
Site1,10/25/2022,11:46:00 PM,10/25/2022 23:46,10,15.076,0,0,0.1198593,0.787987273,6.653116,0.979
Site1,10/25/2022,11:51:00 PM,10/25/2022 23:51,10,15.067,0,0,0.119833613,0.787495877,6.691087,0.979
Site1,10/25/2022,11:56:00 PM,10/25/2022 23:56,10,15.067,0,0,0.119833613,0.787495877,6.691087,0.979
Site1,10/26/2022,12:01:00 AM,10/26/2022 0:01,10,15.059,0,0,0.029409753,0.101953602,6.66011,0.985
Site1,10/26/2022,12:06:00 AM,10/26/2022 0:06,10,15.059,0,0,0.029409753,0.101953602,6.66011,0.985
Site1,10/26/2022,12:11:00 AM,10/26/2022 0:11,10,15.033,0,0,0.02939155,0.101770037,6.728059,0.985
Site1,10/26/2022,12:16:00 AM,10/26/2022 0:16,10,15.033,0,0,0.02939155,0.101770037,6.728059,0.985
Site1,10/26/2022,12:21:00 AM,10/26/2022 0:21,10,14.955,0,0,0.029337005,0.101221323,6.761032,0.985
Site1,10/26/2022,12:26:00 AM,10/26/2022 0:26,10,14.955,0,0,0.029337005,0.101221323,6.761032,0.985
Site1,10/26/2022,12:31:00 AM,10/26/2022 0:31,10,14.947,0,0,0.029331417,0.101165212,6.786013,0.985
Site1,10/26/2022,12:36:00 AM,10/26/2022 0:36,10,14.947,0,0,0.029331417,0.101165212,6.786013,0.985
Site1,10/26/2022,12:41:00 AM,10/26/2022 0:41,10,14.921,0,0,0.029313261,0.100983067,6.795005,0.985
Site1,10/26/2022,12:46:00 AM,10/26/2022 0:46,10,14.921,0,0,0.029313261,0.100983067,6.795005,0.985
Site1,10/26/2022,12:51:00 AM,10/26/2022 0:51,10,14.912,0,0,0.029306979,0.100920093,6.783014,0.985
Site1,10/26/2022,12:56:00 AM,10/26/2022 0:56,10,14.912,0,0,0.029306979,0.100920093,6.783014,0.985
Site1,10/26/2022,1:01:00 AM,10/26/2022 1:01,10,14.895,0,0,0.029295117,0.100801249,6.783013,0.985
Site1,10/26/2022,1:06:00 AM,10/26/2022 1:06,10,14.895,0,0,0.029295117,0.100801249,6.783013,0.985
Site1,10/26/2022,1:11:00 AM,10/26/2022 1:11,10,14.852,0,0,0.029265134,0.100501269,6.817986,0.985
Site1,10/26/2022,1:16:00 AM,10/26/2022 1:16,10,14.852,0,0,0.029265134,0.100501269,6.817986,0.985
Site1,10/26/2022,1:21:00 AM,10/26/2022 1:21,10,14.843,0,0,0.029258862,0.100438595,6.534194,0.985
Site1,10/26/2022,1:26:00 AM,10/26/2022 1:26,10,14.843,0,0,0.029258862,0.100438595,6.534194,0.985
Site1,10/26/2022,1:31:00 AM,10/26/2022 1:31,10,14.783,0,0,0.029217085,0.10002177,6.825977,0.985
Site1,10/26/2022,1:36:00 AM,10/26/2022 1:36,10,14.783,0,0,0.029217085,0.10002177,6.825977,0.985
Site1,10/26/2022,1:41:00 AM,10/26/2022 1:41,10,14.74,0,0,0.029187182,0.099724109,6.868944,0.985
Site1,10/26/2022,1:46:00 AM,10/26/2022 1:46,10,14.74,0,0,0.029187182,0.099724109,6.868944,0.985
Site1,10/26/2022,1:51:00 AM,10/26/2022 1:51,10,14.706,0,0,0.029163559,0.099489377,6.859949,0.985
Site1,10/26/2022,1:56:00 AM,10/26/2022 1:56,10,14.706,0,0,0.029163559,0.099489377,6.859949,0.985
Site1,10/26/2022,2:01:00 AM,10/26/2022 2:01,10,14.637,0,0,0.029115678,0.099014706,6.897918,0.985
Site1,10/26/2022,2:06:00 AM,10/26/2022 2:06,10,14.637,0,0,0.029115678,0.099014706,6.897918,0.985
Site1,10/26/2022,2:11:00 AM,10/26/2022 2:11,10,14.619,0,0,0.0291032,0.098891251,6.831966,0.985
Site1,10/26/2022,2:16:00 AM,10/26/2022 2:16,10,14.619,0,0,0.0291032,0.098891251,6.831966,0.985
Site1,10/26/2022,2:21:00 AM,10/26/2022 2:21,10,14.602,0,0,0.02909142,0.098774797,6.842957,0.985
Site1,10/26/2022,2:26:00 AM,10/26/2022 2:26,10,14.602,0,0,0.02909142,0.098774797,6.842957,0.985
Site1,10/26/2022,2:31:00 AM,10/26/2022 2:31,10,14.533,0,0,0.029043657,0.098303535,6.88892,0.985
Site1,10/26/2022,2:36:00 AM,10/26/2022 2:36,10,14.533,0,0,0.029043657,0.098303535,6.88892,0.985
Site1,10/26/2022,2:41:00 AM,10/26/2022 2:41,10,14.49,0,0,0.029013931,0.098010988,6.635106,0.985
Site1,10/26/2022,2:46:00 AM,10/26/2022 2:46,10,14.49,0,0,0.029013931,0.098010988,6.635106,0.985
Site1,10/26/2022,2:51:00 AM,10/26/2022 2:51,10,14.455,0,0,0.028989758,0.097773511,6.730034,0.985
Site1,10/26/2022,2:56:00 AM,10/26/2022 2:56,10,14.455,0,0,0.028989758,0.097773511,6.730034,0.985
Site1,10/26/2022,3:01:00 AM,10/26/2022 3:01,10,14.412,0,0,0.028960088,0.097482541,6.970855,0.985
Site1,10/26/2022,3:06:00 AM,10/26/2022 3:06,10,14.412,0,0,0.028960088,0.097482541,6.970855,0.985
Site1,10/26/2022,3:11:00 AM,10/26/2022 3:11,10,14.395,0,0,0.028948366,0.097367746,6.924888,0.985
Site1,10/26/2022,3:16:00 AM,10/26/2022 3:16,10,14.395,0,0,0.028948366,0.097367746,6.924888,0.985
Site1,10/26/2022,3:21:00 AM,10/26/2022 3:21,10,14.386,0,0,0.028942162,0.097307026,6.564154,0.985
Site1,10/26/2022,3:26:00 AM,10/26/2022 3:26,10,14.386,0,0,0.028942162,0.097307026,6.564154,0.985
Site1,10/26/2022,3:31:00 AM,10/26/2022 3:31,10,14.351,0,0,0.028918049,0.097071255,6.401273,0.985
Site1,10/26/2022,3:36:00 AM,10/26/2022 3:36,10,14.351,0,0,0.028918049,0.097071255,6.401273,0.985
Site1,10/26/2022,3:41:00 AM,10/26/2022 3:41,10,14.334,0,0,0.028906344,0.096956944,6.599126,0.985
Site1,10/26/2022,3:46:00 AM,10/26/2022 3:46,10,14.334,0,0,0.028906344,0.096956944,6.599126,0.985
Site1,10/26/2022,3:51:00 AM,10/26/2022 3:51,10,14.299,0,0,0.028882261,0.096722021,6.736024,0.985
Site1,10/26/2022,3:56:00 AM,10/26/2022 3:56,10,14.299,0,0,0.028882261,0.096722021,6.736024,0.985
Site1,10/26/2022,4:01:00 AM,10/26/2022 4:01,10,14.273,0,0,0.028864383,0.096547875,6.804972,0.985
Site1,10/26/2022,4:06:00 AM,10/26/2022 4:06,10,14.273,0,0,0.028864383,0.096547875,6.804972,0.985
Site1,10/26/2022,4:11:00 AM,10/26/2022 4:11,10,14.23,0,0,0.028834841,0.096260553,6.952861,0.985
Site1,10/26/2022,4:16:00 AM,10/26/2022 4:16,10,14.23,0,0,0.028834841,0.096260553,6.952861,0.985
Site1,10/26/2022,4:21:00 AM,10/26/2022 4:21,10,14.204,0,0,0.028816993,0.096087238,6.856931,0.985
Site1,10/26/2022,4:26:00 AM,10/26/2022 4:26,10,14.204,0,0,0.028816993,0.096087238,6.856931,0.985
Site1,10/26/2022,4:31:00 AM,10/26/2022 4:31,10,14.187,0,0,0.028805329,0.095974086,6.847936,0.985
Site1,10/26/2022,4:36:00 AM,10/26/2022 4:36,10,14.187,0,0,0.028805329,0.095974086,6.847936,0.985
Site1,10/26/2022,4:41:00 AM,10/26/2022 4:41,10,14.143,0,0,0.028775162,0.095681839,6.848934,0.985
Site1,10/26/2022,4:46:00 AM,10/26/2022 4:46,10,14.143,0,0,0.028775162,0.095681839,6.848934,0.985
Site1,10/26/2022,4:51:00 AM,10/26/2022 4:51,10,14.1,0,0,0.028745711,0.095397094,6.898895,0.985
Site1,10/26/2022,4:56:00 AM,10/26/2022 4:56,10,14.1,0,0,0.028745711,0.095397094,6.898895,0.985
Site1,10/26/2022,5:01:00 AM,10/26/2022 5:01,10,14.091,0,0,0.028739551,0.095337603,6.713032,0.985
Site1,10/26/2022,5:06:00 AM,10/26/2022 5:06,10,14.091,0,0,0.028739551,0.095337603,6.713032,0.985
Site1,10/26/2022,5:11:00 AM,10/26/2022 5:11,10,14.083,0,0,0.028734076,0.095284754,6.78298,0.985
Site1,10/26/2022,5:16:00 AM,10/26/2022 5:16,10,14.083,0,0,0.028734076,0.095284754,6.78298,0.985
Site1,10/26/2022,5:21:00 AM,10/26/2022 5:21,10,14.031,0,0,0.028698515,0.094941947,6.837937,0.985
Site1,10/26/2022,5:26:00 AM,10/26/2022 5:26,10,14.031,0,0,0.028698515,0.094941947,6.837937,0.985
Site1,10/26/2022,5:31:00 AM,10/26/2022 5:31,10,14.005,0,0,0.028680752,0.094771006,6.810956,0.985
Site1,10/26/2022,5:36:00 AM,10/26/2022 5:36,10,14.005,0,0,0.028680752,0.094771006,6.810956,0.985
Site1,10/26/2022,5:41:00 AM,10/26/2022 5:41,10,14.005,0,0,0.028680752,0.094771006,6.26536,0.985
Site1,10/26/2022,5:46:00 AM,10/26/2022 5:46,10,14.005,0,0,0.028680752,0.094771006,6.26536,0.985
Site1,10/26/2022,5:51:00 AM,10/26/2022 5:51,10,13.979,0,0,0.028662999,0.094600374,6.362288,0.985
Site1,10/26/2022,5:56:00 AM,10/26/2022 5:56,10,13.979,0,0,0.028662999,0.094600374,6.362288,0.985
Site1,10/26/2022,6:01:00 AM,10/26/2022 6:01,10,13.961,0,0,0.028650715,0.094482423,6.021539,0.985
Site1,10/26/2022,6:06:00 AM,10/26/2022 6:06,10,13.961,0,0,0.028650715,0.094482423,6.021539,0.985
Site1,10/26/2022,6:11:00 AM,10/26/2022 6:11,10,13.97,0,0,0.028656856,0.09454138,5.612842,0.985
Site1,10/26/2022,6:16:00 AM,10/26/2022 6:16,10,13.97,0,0,0.028656856,0.09454138,5.612842,0.985
Site1,10/26/2022,6:21:00 AM,10/26/2022 6:21,10,13.935,0,0,0.028632981,0.09431231,6.553145,0.985
Site1,10/26/2022,6:26:00 AM,10/26/2022 6:26,10,13.935,0,0,0.028632981,0.09431231,6.553145,0.985
Site1,10/26/2022,6:31:00 AM,10/26/2022 6:31,10,13.935,0,0,0.028632981,0.09431231,5.828681,0.985
Site1,10/26/2022,6:36:00 AM,10/26/2022 6:36,10,13.935,0,0,0.028632981,0.09431231,5.828681,0.985
Site1,10/26/2022,6:41:00 AM,10/26/2022 6:41,10,13.926,0,0,0.028626845,0.094253496,5.960583,0.985
Site1,10/26/2022,6:46:00 AM,10/26/2022 6:46,10,13.926,0,0,0.028626845,0.094253496,5.960583,0.985
Site1,10/26/2022,6:51:00 AM,10/26/2022 6:51,10,13.892,0.052355,2.62115E-05,0.028603676,0.09403164,6.517169,0.985
Site1,10/26/2022,6:56:00 AM,10/26/2022 6:56,10,13.892,0.052355,2.62115E-05,0.028603676,0.09403164,6.517169,0.985
Site1,10/26/2022,7:01:00 AM,10/26/2022 7:01,10,13.866,0.28897,0.000144672,0.028585971,0.093862339,6.479197,0.985
Site1,10/26/2022,7:06:00 AM,10/26/2022 7:06,10,13.866,0.28897,0.000144672,0.028585971,0.093862339,6.479197,0.985
Site1,10/26/2022,7:11:00 AM,10/26/2022 7:11,10,13.848,0.74999,0.000375481,0.02857372,0.093745308,5.886635,0.985
Site1,10/26/2022,7:16:00 AM,10/26/2022 7:16,10,13.848,0.74999,0.000375481,0.02857372,0.093745308,5.886635,0.985
Site1,10/26/2022,7:21:00 AM,10/26/2022 7:21,10,13.813,1.42709,0.00071447,0.028549913,0.093518167,6.354287,0.985
Site1,10/26/2022,7:26:00 AM,10/26/2022 7:26,10,13.813,1.42709,0.00071447,0.028549913,0.093518167,6.354287,0.985
Site1,10/26/2022,7:31:00 AM,10/26/2022 7:31,10,13.805,2.5715,0.001287418,0.028544475,0.093466326,6.375271,0.985
Site1,10/26/2022,7:36:00 AM,10/26/2022 7:36,10,13.805,2.5715,0.001287418,0.028544475,0.093466326,6.375271,0.985
Site1,10/26/2022,7:41:00 AM,10/26/2022 7:41,10,13.796,3.62452,0.00181461,0.028538358,0.09340804,6.921866,0.985
Site1,10/26/2022,7:46:00 AM,10/26/2022 7:46,10,13.796,3.62452,0.00181461,0.028538358,0.09340804,6.921866,0.985
Site1,10/26/2022,7:51:00 AM,10/26/2022 7:51,10,13.779,5.21848,0.002612624,0.028526806,0.093298042,6.650066,0.985
Site1,10/26/2022,7:56:00 AM,10/26/2022 7:56,10,13.779,5.21848,0.002612624,0.028526806,0.093298042,6.650066,0.985
Site1,10/26/2022,8:01:00 AM,10/26/2022 8:01,10,13.77,6.13904,0.003073501,0.028520693,0.093239861,7.064758,0.985
Site1,10/26/2022,8:06:00 AM,10/26/2022 8:06,10,13.77,6.13904,0.003073501,0.028520693,0.093239861,7.064758,0.985
Site1,10/26/2022,8:11:00 AM,10/26/2022 8:11,10,13.761,7.86176,0.003935978,0.028514581,0.093181716,6.962834,0.985
Site1,10/26/2022,8:16:00 AM,10/26/2022 8:16,10,13.761,7.86176,0.003935978,0.028514581,0.093181716,6.962834,0.985
Site1,10/26/2022,8:21:00 AM,10/26/2022 8:21,10,13.744,10.0788,0.005045936,0.028503039,0.093071985,7.015794,0.985
Site1,10/26/2022,8:26:00 AM,10/26/2022 8:26,10,13.744,10.0788,0.005045936,0.028503039,0.093071985,7.015794,0.985
Site1,10/26/2022,8:31:00 AM,10/26/2022 8:31,10,13.709,13.24896,0.006633072,0.028479292,0.092846475,7.149693,0.985
Site1,10/26/2022,8:36:00 AM,10/26/2022 8:36,10,13.709,13.24896,0.006633072,0.028479292,0.092846475,7.149693,0.985
Site1,10/26/2022,8:41:00 AM,10/26/2022 8:41,10,13.718,19.092,0.009558381,0.028485397,0.092904411,7.03278,0.985
Site1,10/26/2022,8:46:00 AM,10/26/2022 8:46,10,13.718,19.092,0.009558381,0.028485397,0.092904411,7.03278,0.985
Site1,10/26/2022,8:51:00 AM,10/26/2022 8:51,10,13.683,18.47632,0.009250142,0.028461664,0.092679307,7.308574,0.985
Site1,10/26/2022,8:56:00 AM,10/26/2022 8:56,10,13.683,18.47632,0.009250142,0.028461664,0.092679307,7.308574,0.985
Site1,10/26/2022,9:01:00 AM,10/26/2022 9:01,10,13.709,21.8448,0.010936566,0.028479292,0.092846475,6.471196,0.985
Site1,10/26/2022,9:06:00 AM,10/26/2022 9:06,10,13.709,21.8448,0.010936566,0.028479292,0.092846475,6.471196,0.985
Site1,10/26/2022,9:11:00 AM,10/26/2022 9:11,10,13.718,19.2696,0.009647296,0.028485397,0.092904411,7.011795,0.985
Site1,10/26/2022,9:16:00 AM,10/26/2022 9:16,10,13.718,19.2696,0.009647296,0.028485397,0.092904411,7.011795,0.985
Site1,10/26/2022,9:21:00 AM,10/26/2022 9:21,10,13.718,24.91136,0.012471835,0.028485397,0.092904411,7.204652,0.985
Site1,10/26/2022,9:26:00 AM,10/26/2022 9:26,10,13.718,24.91136,0.012471835,0.028485397,0.092904411,7.204652,0.985
Site1,10/26/2022,9:31:00 AM,10/26/2022 9:31,10,13.726,26.15456,0.013094241,0.028490824,0.09295594,6.969827,0.985
Site1,10/26/2022,9:36:00 AM,10/26/2022 9:36,10,13.726,26.15456,0.013094241,0.028490824,0.09295594,6.969827,0.985
Site1,10/26/2022,9:41:00 AM,10/26/2022 9:41,10,13.718,28.09632,0.01406638,0.028485397,0.092904411,7.604356,0.985
Site1,10/26/2022,9:46:00 AM,10/26/2022 9:46,10,13.718,28.09632,0.01406638,0.028485397,0.092904411,7.604356,0.985
Site1,10/26/2022,9:51:00 AM,10/26/2022 9:51,10,13.726,31.66016,0.015850611,0.028490824,0.09295594,7.63933,0.985
Site1,10/26/2022,9:56:00 AM,10/26/2022 9:56,10,13.726,31.66016,0.015850611,0.028490824,0.09295594,7.63933,0.985
Site1,10/26/2022,10:01:00 AM,10/26/2022 10:01,10,13.752,35.24768,0.017646698,0.02850847,0.093123607,6.862907,0.985
Site1,10/26/2022,10:06:00 AM,10/26/2022 10:06,10,13.752,35.24768,0.017646698,0.02850847,0.093123607,6.862907,0.985
Site1,10/26/2022,10:11:00 AM,10/26/2022 10:11,10,13.761,40.848,0.020450489,0.028514581,0.093181716,7.276601,0.985
Site1,10/26/2022,10:16:00 AM,10/26/2022 10:16,10,13.761,40.848,0.020450489,0.028514581,0.093181716,7.276601,0.985
Site1,10/26/2022,10:21:00 AM,10/26/2022 10:21,10,13.796,39.10752,0.019579121,0.028538358,0.09340804,7.03678,0.985
Site1,10/26/2022,10:26:00 AM,10/26/2022 10:26,10,13.796,39.10752,0.019579121,0.028538358,0.09340804,7.03678,0.985
Site1,10/26/2022,10:31:00 AM,10/26/2022 10:31,10,13.805,53.7536,0.026911659,0.028544475,0.093466326,7.625344,0.985
Site1,10/26/2022,10:36:00 AM,10/26/2022 10:36,10,13.805,53.7536,0.026911659,0.028544475,0.093466326,7.625344,0.985
Site1,10/26/2022,10:41:00 AM,10/26/2022 10:41,10,13.848,46.98112,0.023521027,0.02857372,0.093745308,7.081749,0.985
Site1,10/26/2022,10:46:00 AM,10/26/2022 10:46,10,13.848,46.98112,0.023521027,0.02857372,0.093745308,7.081749,0.985
Site1,10/26/2022,10:51:00 AM,10/26/2022 10:51,10,13.883,56.99776,0.028535842,0.028597546,0.093973001,6.963838,0.985
Site1,10/26/2022,10:56:00 AM,10/26/2022 10:56,10,13.883,56.99776,0.028535842,0.028597546,0.093973001,6.963838,0.985
Site1,10/26/2022,11:01:00 AM,10/26/2022 11:01,10,13.918,59.2,0.02963839,0.028621391,0.094201247,7.013802,0.985
Site1,10/26/2022,11:06:00 AM,10/26/2022 11:06,10,13.918,59.2,0.02963839,0.028621391,0.094201247,7.013802,0.985
Site1,10/26/2022,11:11:00 AM,10/26/2022 11:11,10,13.953,55.93216,0.028002351,0.028645257,0.094430048,7.042782,0.985
Site1,10/26/2022,11:16:00 AM,10/26/2022 11:16,10,13.953,55.93216,0.028002351,0.028645257,0.094430048,7.042782,0.985
Site1,10/26/2022,11:21:00 AM,10/26/2022 11:21,10,13.979,47.60864,0.023835194,0.028662999,0.094600374,7.397521,0.985
Site1,10/26/2022,11:26:00 AM,10/26/2022 11:26,10,13.979,47.60864,0.023835194,0.028662999,0.094600374,7.397521,0.985
Site1,10/26/2022,11:31:00 AM,10/26/2022 11:31,10,14.013,51.55136,0.02580911,0.028686216,0.094823571,7.300594,0.985
Site1,10/26/2022,11:36:00 AM,10/26/2022 11:36,10,14.013,51.55136,0.02580911,0.028686216,0.094823571,7.300594,0.985
Site1,10/26/2022,11:41:00 AM,10/26/2022 11:41,10,14.065,57.23456,0.028654396,0.028721762,0.09516595,5.962587,0.985
Site1,10/26/2022,11:46:00 AM,10/26/2022 11:46,10,14.065,57.23456,0.028654396,0.028721762,0.09516595,5.962587,0.985
Site1,10/26/2022,11:51:00 AM,10/26/2022 11:51,10,14.057,58.4896,0.02928273,0.02871629,0.095113196,7.870174,0.985
Site1,10/26/2022,11:56:00 AM,10/26/2022 11:56,10,14.057,58.4896,0.02928273,0.02871629,0.095113196,7.870174,0.985
Site1,10/26/2022,12:01:00 PM,10/26/2022 12:01,10,14.083,57.68448,0.028879648,0.028734076,0.095284754,8.245898,0.985
Site1,10/26/2022,12:06:00 PM,10/26/2022 12:06,10,14.083,57.68448,0.028879648,0.028734076,0.095284754,8.245898,0.985
Site1,10/26/2022,12:11:00 PM,10/26/2022 12:11,10,14.143,63.55712,0.031819776,0.028775162,0.095681839,7.280615,0.985
Site1,10/26/2022,12:16:00 PM,10/26/2022 12:16,10,14.143,63.55712,0.031819776,0.028775162,0.095681839,7.280615,0.985
Site1,10/26/2022,12:21:00 PM,10/26/2022 12:21,10,14.178,72.29504,0.036194402,0.028799156,0.095914235,8.441758,0.985
Site1,10/26/2022,12:26:00 PM,10/26/2022 12:26,10,14.178,72.29504,0.036194402,0.028799156,0.095914235,8.441758,0.985
Site1,10/26/2022,12:31:00 PM,10/26/2022 12:31,10,14.187,64.45696,0.03227028,0.028805329,0.095974086,8.568664,0.985
Site1,10/26/2022,12:36:00 PM,10/26/2022 12:36,10,14.187,64.45696,0.03227028,0.028805329,0.095974086,8.568664,0.985
Site1,10/26/2022,12:41:00 PM,10/26/2022 12:41,10,14.23,81.8144,0.040960256,0.028834841,0.096260553,8.321849,0.985
Site1,10/26/2022,12:46:00 PM,10/26/2022 12:46,10,14.23,81.8144,0.040960256,0.028834841,0.096260553,8.321849,0.985
Site1,10/26/2022,12:51:00 PM,10/26/2022 12:51,10,14.273,81.8144,0.040960256,0.028864383,0.096547875,8.238912,0.985
Site1,10/26/2022,12:56:00 PM,10/26/2022 12:56,10,14.273,81.8144,0.040960256,0.028864383,0.096547875,8.238912,0.985
Site1,10/26/2022,1:01:00 PM,10/26/2022 13:01,10,14.317,69.59552,0.034842892,0.028894644,0.096842767,8.205939,0.985
Site1,10/26/2022,1:06:00 PM,10/26/2022 13:06,10,14.317,69.59552,0.034842892,0.028894644,0.096842767,8.205939,0.985
Site1,10/26/2022,1:11:00 PM,10/26/2022 13:11,10,14.36,54.91392,0.027492571,0.028924248,0.097131827,7.906162,0.985
Site1,10/26/2022,1:16:00 PM,10/26/2022 13:16,10,14.36,54.91392,0.027492571,0.028924248,0.097131827,7.906162,0.985
Site1,10/26/2022,1:21:00 PM,10/26/2022 13:21,10,14.369,75.3024,0.037700033,0.028930447,0.097192437,8.430775,0.985
Site1,10/26/2022,1:26:00 PM,10/26/2022 13:26,10,14.369,75.3024,0.037700033,0.028930447,0.097192437,8.430775,0.985
Site1,10/26/2022,1:31:00 PM,10/26/2022 13:31,10,14.421,97.13536,0.048630671,0.028966295,0.09754337,7.60139,0.985
Site1,10/26/2022,1:36:00 PM,10/26/2022 13:36,10,14.421,97.13536,0.048630671,0.028966295,0.09754337,7.60139,0.985
Site1,10/26/2022,1:41:00 PM,10/26/2022 13:41,10,14.49,114.23232,0.057190238,0.029013931,0.098010988,6.780998,0.985
Site1,10/26/2022,1:46:00 PM,10/26/2022 13:46,10,14.49,114.23232,0.057190238,0.029013931,0.098010988,6.780998,0.985
Site1,10/26/2022,1:51:00 PM,10/26/2022 13:51,10,14.524,123.27808,0.061718984,0.029037433,0.098242232,7.172711,0.985
Site1,10/26/2022,1:56:00 PM,10/26/2022 13:56,10,14.524,123.27808,0.061718984,0.029037433,0.098242232,7.172711,0.985
Site1,10/26/2022,2:01:00 PM,10/26/2022 14:01,10,14.645,138.48064,0.069330123,0.029121225,0.099069624,7.69633,0.985
Site1,10/26/2022,2:06:00 PM,10/26/2022 14:06,10,14.645,138.48064,0.069330123,0.029121225,0.099069624,7.69633,0.985
Site1,10/26/2022,2:11:00 PM,10/26/2022 14:11,10,14.723,93.4176,0.04676938,0.029175368,0.099606674,7.996113,0.985
Site1,10/26/2022,2:16:00 PM,10/26/2022 14:16,10,14.723,93.4176,0.04676938,0.029175368,0.099606674,7.996113,0.985
Site1,10/26/2022,2:21:00 PM,10/26/2022 14:21,10,14.912,73.00544,0.036550063,0.029306979,0.100920093,7.519472,0.985
Site1,10/26/2022,2:26:00 PM,10/26/2022 14:26,10,14.912,73.00544,0.036550063,0.029306979,0.100920093,7.519472,0.985
Site1,10/26/2022,2:31:00 PM,10/26/2022 14:31,10,15.016,115.84256,0.057996402,0.029379653,0.101650193,6.596155,0.985
Site1,10/26/2022,2:36:00 PM,10/26/2022 14:36,10,15.016,115.84256,0.057996402,0.029379653,0.101650193,6.596155,0.985
Site1,10/26/2022,2:41:00 PM,10/26/2022 14:41,10,15.205,105.99168,0.053064574,0.029512185,0.102990557,7.625408,0.985
Site1,10/26/2022,2:46:00 PM,10/26/2022 14:46,10,15.205,105.99168,0.053064574,0.029512185,0.102990557,7.625408,0.985
Site1,10/26/2022,2:51:00 PM,10/26/2022 14:51,10,15.333,81.3408,0.040723148,0.029602282,0.103908341,7.694363,0.985
Site1,10/26/2022,2:56:00 PM,10/26/2022 14:56,10,15.333,81.3408,0.040723148,0.029602282,0.103908341,7.694363,0.985
Site1,10/26/2022,3:01:00 PM,10/26/2022 15:01,10,15.325,24.57984,0.01230586,0.029596643,0.103850741,7.364604,0.985
Site1,10/26/2022,3:06:00 PM,10/26/2022 15:06,10,15.325,24.57984,0.01230586,0.029596643,0.103850741,7.364604,0.985
Site1,10/26/2022,3:11:00 PM,10/26/2022 15:11,10,15.359,62.96512,0.031523392,0.029620617,0.104095763,6.199459,0.985
Site1,10/26/2022,3:16:00 PM,10/26/2022 15:16,10,15.359,62.96512,0.031523392,0.029620617,0.104095763,6.199459,0.985
Site1,10/26/2022,3:21:00 PM,10/26/2022 15:21,10,15.462,61.40224,0.030740939,0.029693361,0.104841571,7.174749,0.985
Site1,10/26/2022,3:26:00 PM,10/26/2022 15:26,10,15.462,61.40224,0.030740939,0.029693361,0.104841571,7.174749,0.985
Site1,10/26/2022,3:31:00 PM,10/26/2022 15:31,10,15.462,55.83744,0.02795493,0.029693361,0.104841571,7.179745,0.985
Site1,10/26/2022,3:36:00 PM,10/26/2022 15:36,10,15.462,55.83744,0.02795493,0.029693361,0.104841571,7.179745,0.985
Site1,10/26/2022,3:41:00 PM,10/26/2022 15:41,10,15.53,50.98304,0.025524582,0.029741484,0.105336874,6.421303,0.985
Site1,10/26/2022,3:46:00 PM,10/26/2022 15:46,10,15.53,50.98304,0.025524582,0.029741484,0.105336874,6.421303,0.985
Site1,10/26/2022,3:51:00 PM,10/26/2022 15:51,10,15.548,46.50752,0.02328392,0.029754236,0.105468375,7.662396,0.985
Site1,10/26/2022,3:56:00 PM,10/26/2022 15:56,10,15.548,46.50752,0.02328392,0.029754236,0.105468375,7.662396,0.985
Site1,10/26/2022,4:01:00 PM,10/26/2022 16:01,10,15.556,41.144,0.020598681,0.029759905,0.105526873,8.061105,0.985
Site1,10/26/2022,4:06:00 PM,10/26/2022 16:06,10,15.556,41.144,0.020598681,0.029759905,0.105526873,8.061105,0.985
Site1,10/26/2022,4:11:00 PM,10/26/2022 16:11,10,15.496,36.50272,0.018275032,0.029717413,0.105088931,7.565465,0.985
Site1,10/26/2022,4:16:00 PM,10/26/2022 16:16,10,15.496,36.50272,0.018275032,0.029717413,0.105088931,7.565465,0.985
Site1,10/26/2022,4:21:00 PM,10/26/2022 16:21,10,15.479,22.59664,0.011312974,0.029705384,0.104965178,8.604703,0.985
Site1,10/26/2022,4:26:00 PM,10/26/2022 16:26,10,15.479,22.59664,0.011312974,0.029705384,0.104965178,8.604703,0.985
Site1,10/26/2022,4:31:00 PM,10/26/2022 16:31,10,15.333,18.46448,0.009244214,0.029602282,0.103908341,8.674645,0.985
Site1,10/26/2022,4:36:00 PM,10/26/2022 16:36,10,15.333,18.46448,0.009244214,0.029602282,0.103908341,8.674645,0.985
Site1,10/26/2022,4:41:00 PM,10/26/2022 16:41,10,15.213,16.65296,0.008337279,0.029517808,0.103047681,8.626674,0.985
Site1,10/26/2022,4:46:00 PM,10/26/2022 16:46,10,15.213,16.65296,0.008337279,0.029517808,0.103047681,8.626674,0.985
Site1,10/26/2022,4:51:00 PM,10/26/2022 16:51,10,15.093,17.35744,0.008689976,0.029433576,0.102194149,8.535734,0.985
Site1,10/26/2022,4:56:00 PM,10/26/2022 16:56,10,15.093,17.35744,0.008689976,0.029433576,0.102194149,8.535734,0.985
Site1,10/26/2022,5:01:00 PM,10/26/2022 17:01,10,14.99,14.81184,0.007415525,0.029361468,0.101467174,8.416817,0.985
Site1,10/26/2022,5:06:00 PM,10/26/2022 17:06,10,14.99,14.81184,0.007415525,0.029361468,0.101467174,8.416817,0.985
Site1,10/26/2022,5:11:00 PM,10/26/2022 17:11,10,14.869,11.58248,0.005798751,0.029276984,0.100619759,8.384834,0.985
Site1,10/26/2022,5:16:00 PM,10/26/2022 17:16,10,14.869,11.58248,0.005798751,0.029276984,0.100619759,8.384834,0.985
Site1,10/26/2022,5:21:00 PM,10/26/2022 17:21,10,14.731,9.5756,0.00479401,0.029180927,0.09966192,8.325871,0.985
Site1,10/26/2022,5:26:00 PM,10/26/2022 17:26,10,14.731,9.5756,0.00479401,0.029180927,0.09966192,8.325871,0.985
Site1,10/26/2022,5:31:00 PM,10/26/2022 17:31,10,14.619,7.5332,0.003771485,0.0291032,0.098891251,8.205953,0.985
Site1,10/26/2022,5:36:00 PM,10/26/2022 17:36,10,14.619,7.5332,0.003771485,0.0291032,0.098891251,8.205953,0.985
Site1,10/26/2022,5:41:00 PM,10/26/2022 17:41,10,14.524,5.20368,0.002605215,0.029037433,0.098242232,8.031078,0.985
Site1,10/26/2022,5:46:00 PM,10/26/2022 17:46,10,14.524,5.20368,0.002605215,0.029037433,0.098242232,8.031078,0.985
Site1,10/26/2022,5:51:00 PM,10/26/2022 17:51,10,14.472,2.94594,0.00147488,0.029001497,0.097888785,7.697322,0.985
Site1,10/26/2022,5:56:00 PM,10/26/2022 17:56,10,14.472,2.94594,0.00147488,0.029001497,0.097888785,7.697322,0.985
Site1,10/26/2022,6:01:00 PM,10/26/2022 18:01,10,14.386,1.07448,0.000537937,0.028942162,0.097307026,7.576407,0.985
Site1,10/26/2022,6:06:00 PM,10/26/2022 18:06,10,14.386,1.07448,0.000537937,0.028942162,0.097307026,7.576407,0.985
Site1,10/26/2022,6:11:00 PM,10/26/2022 18:11,10,14.299,0.191105,9.56764E-05,0.028882261,0.096722021,7.061783,0.985
Site1,10/26/2022,6:16:00 PM,10/26/2022 18:16,10,14.299,0.191105,9.56764E-05,0.028882261,0.096722021,7.061783,0.985
Site1,10/26/2022,6:21:00 PM,10/26/2022 18:21,10,14.221,0.0148,7.4096E-06,0.028828662,0.096200524,6.902897,0.985
Site1,10/26/2022,6:26:00 PM,10/26/2022 18:26,10,14.221,0.0148,7.4096E-06,0.028828662,0.096200524,6.902897,0.985
Site1,10/26/2022,6:31:00 PM,10/26/2022 18:31,10,14.152,0,0,0.02878133,0.095741544,7.249638,0.985
Site1,10/26/2022,6:36:00 PM,10/26/2022 18:36,10,14.152,0,0,0.02878133,0.095741544,7.249638,0.985
Site1,10/26/2022,6:41:00 PM,10/26/2022 18:41,10,14.091,0,0,0.028739551,0.095337603,6.111478,0.985
Site1,10/26/2022,6:46:00 PM,10/26/2022 18:46,10,14.091,0,0,0.028739551,0.095337603,6.111478,0.985
Site1,10/26/2022,6:51:00 PM,10/26/2022 18:51,10,14.039,0,0,0.028703983,0.094994606,5.925613,0.985
Site1,10/26/2022,6:56:00 PM,10/26/2022 18:56,10,14.039,0,0,0.028703983,0.094994606,5.925613,0.985
Site1,10/26/2022,7:01:00 PM,10/26/2022 19:01,10,13.961,0,0,0.028650715,0.094482423,5.983567,0.985
Site1,10/26/2022,7:06:00 PM,10/26/2022 19:06,10,13.961,0,0,0.028650715,0.094482423,5.983567,0.985
Site1,10/26/2022,7:11:00 PM,10/26/2022 19:11,10,13.909,0,0,0.028615258,0.094142503,5.64082,0.985
Site1,10/26/2022,7:16:00 PM,10/26/2022 19:16,10,13.909,0,0,0.028615258,0.094142503,5.64082,0.985
Site1,10/26/2022,7:21:00 PM,10/26/2022 19:21,10,13.848,0,0,0.02857372,0.093745308,6.304326,0.985
Site1,10/26/2022,7:26:00 PM,10/26/2022 19:26,10,13.848,0,0,0.02857372,0.093745308,6.304326,0.985
Site1,10/26/2022,7:31:00 PM,10/26/2022 19:31,10,13.787,0,0,0.028532242,0.09334979,6.647069,0.985
Site1,10/26/2022,7:36:00 PM,10/26/2022 19:36,10,13.787,0,0,0.028532242,0.09334979,6.647069,0.985
Site1,10/26/2022,7:41:00 PM,10/26/2022 19:41,10,13.744,0,0,0.028503039,0.093071985,6.217386,0.985
Site1,10/26/2022,7:46:00 PM,10/26/2022 19:46,10,13.744,0,0,0.028503039,0.093071985,6.217386,0.985
Site1,10/26/2022,7:51:00 PM,10/26/2022 19:51,10,13.692,0,0,0.028467765,0.092737139,6.242366,0.985
Site1,10/26/2022,7:56:00 PM,10/26/2022 19:56,10,13.692,0,0,0.028467765,0.092737139,6.242366,0.985
Site1,10/26/2022,8:01:00 PM,10/26/2022 20:01,10,13.631,0,0,0.028426441,0.092345874,6.459202,0.985
Site1,10/26/2022,8:06:00 PM,10/26/2022 20:06,10,13.631,0,0,0.028426441,0.092345874,6.459202,0.985
Site1,10/26/2022,8:11:00 PM,10/26/2022 20:11,10,13.604,0,0,0.028408169,0.092173218,6.348284,0.985
Site1,10/26/2022,8:16:00 PM,10/26/2022 20:16,10,13.604,0,0,0.028408169,0.092173218,6.348284,0.985
Site1,10/26/2022,8:21:00 PM,10/26/2022 20:21,10,13.526,0,0,0.02835545,0.091676247,6.594098,0.985
Site1,10/26/2022,8:26:00 PM,10/26/2022 20:26,10,13.526,0,0,0.02835545,0.091676247,6.594098,0.985
Site1,10/26/2022,8:31:00 PM,10/26/2022 20:31,10,13.342,0,0,0.028231473,0.090514495,7.06474,0.985
Site1,10/26/2022,8:36:00 PM,10/26/2022 20:36,10,13.342,0,0,0.028231473,0.090514495,7.06474,0.985
Site1,10/26/2022,8:41:00 PM,10/26/2022 20:41,10,13.272,0,0,0.028184451,0.0900764,7.191642,0.985
Site1,10/26/2022,8:46:00 PM,10/26/2022 20:46,10,13.272,0,0,0.028184451,0.0900764,7.191642,0.985
Site1,10/26/2022,8:51:00 PM,10/26/2022 20:51,10,13.246,0,0,0.028167005,0.08991422,7.185646,0.985
Site1,10/26/2022,8:56:00 PM,10/26/2022 20:56,10,13.246,0,0,0.028167005,0.08991422,7.185646,0.985
Site1,10/26/2022,9:01:00 PM,10/26/2022 21:01,10,13.132,0,0,0.028090641,0.089206561,7.087714,0.985
Site1,10/26/2022,9:06:00 PM,10/26/2022 21:06,10,13.132,0,0,0.028090641,0.089206561,7.087714,0.985
Site1,10/26/2022,9:11:00 PM,10/26/2022 21:11,10,13.106,0,0,0.028073253,0.089045947,7.195632,0.985
Site1,10/26/2022,9:16:00 PM,10/26/2022 21:16,10,13.106,0,0,0.028073253,0.089045947,7.195632,0.985
Site1,10/26/2022,9:21:00 PM,10/26/2022 21:21,10,13.062,0,0,0.028043853,0.088774797,7.208621,0.985
Site1,10/26/2022,9:26:00 PM,10/26/2022 21:26,10,13.062,0,0,0.028043853,0.088774797,7.208621,0.985
Site1,10/26/2022,9:31:00 PM,10/26/2022 21:31,10,13.088,0,0,0.028061222,0.088934922,7.223611,0.985
Site1,10/26/2022,9:36:00 PM,10/26/2022 21:36,10,13.088,0,0,0.028061222,0.088934922,7.223611,0.985
Site1,10/26/2022,9:41:00 PM,10/26/2022 21:41,10,13.062,0,0,0.028043853,0.088774797,7.212618,0.985
Site1,10/26/2022,9:46:00 PM,10/26/2022 21:46,10,13.062,0,0,0.028043853,0.088774797,7.212618,0.985
Site1,10/26/2022,9:51:00 PM,10/26/2022 21:51,10,12.957,0,0,0.027973817,0.088131065,7.213612,0.985
Site1,10/26/2022,9:56:00 PM,10/26/2022 21:56,10,12.957,0,0,0.027973817,0.088131065,7.213612,0.985
Site1,10/26/2022,10:01:00 PM,10/26/2022 22:01,10,12.93,0,0,0.027955836,0.08796629,7.235595,0.985
Site1,10/26/2022,10:06:00 PM,10/26/2022 22:06,10,12.93,0,0,0.027955836,0.08796629,7.235595,0.985
Site1,10/26/2022,10:11:00 PM,10/26/2022 22:11,10,12.886,0,0,0.027926559,0.087698427,7.255578,0.985
Site1,10/26/2022,10:16:00 PM,10/26/2022 22:16,10,12.886,0,0,0.027926559,0.087698427,7.255578,0.985
Site1,10/26/2022,10:21:00 PM,10/26/2022 22:21,10,12.869,0,0,0.027915255,0.087595154,7.254578,0.985
Site1,10/26/2022,10:26:00 PM,10/26/2022 22:26,10,12.869,0,0,0.027915255,0.087595154,7.254578,0.985
Site1,10/26/2022,10:31:00 PM,10/26/2022 22:31,10,12.842,0,0,0.027897312,0.087431381,7.282556,0.985
Site1,10/26/2022,10:36:00 PM,10/26/2022 22:36,10,12.842,0,0,0.027897312,0.087431381,7.282556,0.985
Site1,10/26/2022,10:41:00 PM,10/26/2022 22:41,10,12.798,0,0,0.027868096,0.087165147,7.297542,0.985
Site1,10/26/2022,10:46:00 PM,10/26/2022 22:46,10,12.798,0,0,0.027868096,0.087165147,7.297542,0.985
Site1,10/26/2022,10:51:00 PM,10/26/2022 22:51,10,12.781,0,0,0.027856816,0.087062501,7.296542,0.985
Site1,10/26/2022,10:56:00 PM,10/26/2022 22:56,10,12.781,0,0,0.027856816,0.087062501,7.296542,0.985
Site1,10/26/2022,11:01:00 PM,10/26/2022 23:01,10,12.719,0,0,0.027815716,0.086689169,7.245578,0.985
Site1,10/26/2022,11:06:00 PM,10/26/2022 23:06,10,12.719,0,0,0.027815716,0.086689169,7.245578,0.985
Site1,10/26/2022,11:11:00 PM,10/26/2022 23:11,10,12.684,0,0,0.027792542,0.086479124,7.289543,0.985
Site1,10/26/2022,11:16:00 PM,10/26/2022 23:16,10,12.684,0,0,0.027792542,0.086479124,7.289543,0.985
Site1,10/26/2022,11:21:00 PM,10/26/2022 23:21,10,12.605,0,0,0.027740304,0.086006893,7.353492,0.985
Site1,10/26/2022,11:26:00 PM,10/26/2022 23:26,10,12.605,0,0,0.027740304,0.086006893,7.353492,0.985
Site1,10/26/2022,11:31:00 PM,10/26/2022 23:31,10,12.543,0,0,0.027699376,0.085638087,7.382467,0.985
Site1,10/26/2022,11:36:00 PM,10/26/2022 23:36,10,12.543,0,0,0.027699376,0.085638087,7.382467,0.985
Site1,10/26/2022,11:41:00 PM,10/26/2022 23:41,10,12.516,0,0,0.027681572,0.085477973,7.369476,0.985
Site1,10/26/2022,11:46:00 PM,10/26/2022 23:46,10,12.516,0,0,0.027681572,0.085477973,7.369476,0.985
Site1,10/26/2022,11:51:00 PM,10/26/2022 23:51,10,12.481,0,0,0.027658509,0.085270863,7.393456,0.985
Site1,10/26/2022,11:56:00 PM,10/26/2022 23:56,10,12.481,0,0,0.027658509,0.085270863,7.393456,0.985
